"Ngày","Lần cuối","Mở","Cao","Thấp","% Thay đổi"
"11/05/2026","4.370","4.372","4.372","4.370","-0.05%"
"08/05/2026","4.372","4.372","4.372","4.372","-0.02%"
"07/05/2026","4.373","4.373","4.373","4.373","0.02%"
"06/05/2026","4.372","4.372","4.372","4.372","0.16%"
"05/05/2026","4.365","4.365","4.365","4.365","0.37%"
"04/05/2026","4.349","4.375","4.375","4.349","-0.50%"
"01/05/2026","4.371","4.371","4.371","4.371","0.00%"
"30/04/2026","4.371","4.371","4.371","4.371","0.00%"
"29/04/2026","4.371","4.371","4.371","4.371","0.11%"
"28/04/2026","4.366","4.366","4.366","4.366","0.00%"
"27/04/2026","4.366","4.366","4.366","4.366","0.00%"
"24/04/2026","4.366","4.366","4.366","4.366","-0.05%"
"23/04/2026","4.368","4.368","4.368","4.368","-0.09%"
"22/04/2026","4.372","4.362","4.372","4.362","0.00%"
"21/04/2026","4.372","4.372","4.372","4.372","0.00%"
"20/04/2026","4.372","4.372","4.372","4.372","0.37%"
"17/04/2026","4.356","4.356","4.356","4.356","0.02%"
"16/04/2026","4.355","4.355","4.355","4.355","-0.02%"
"15/04/2026","4.356","4.356","4.356","4.356","-0.16%"
"14/04/2026","4.363","4.363","4.363","4.363","-0.11%"
"13/04/2026","4.368","4.368","4.368","4.368","-0.21%"
"10/04/2026","4.377","4.377","4.377","4.377","0.32%"
"09/04/2026","4.363","4.363","4.363","4.363","0.00%"
"08/04/2026","4.363","4.363","4.363","4.363","-0.07%"
"07/04/2026","4.366","4.353","4.366","4.353","0.11%"
"06/04/2026","4.361","4.361","4.361","4.361","0.37%"
"03/04/2026","4.345","4.345","4.345","4.345","-0.30%"
"02/04/2026","4.358","4.358","4.358","4.358","-0.16%"
"01/04/2026","4.365","4.365","4.365","4.365","0.07%"
"31/03/2026","4.362","4.362","4.362","4.362","0.21%"
"30/03/2026","4.353","4.358","4.358","4.353","-0.11%"
"27/03/2026","4.358","4.358","4.358","4.358","0.37%"
"26/03/2026","4.342","4.342","4.342","4.342","0.05%"
"25/03/2026","4.340","4.340","4.340","4.340","-0.30%"
"24/03/2026","4.353","4.353","4.353","4.353","0.37%"
"23/03/2026","4.337","4.337","4.337","4.337","-0.32%"
"20/03/2026","4.351","4.351","4.351","4.351","0.37%"
"19/03/2026","4.335","4.335","4.335","4.335","-0.05%"
"18/03/2026","4.337","4.337","4.337","4.337","0.18%"
"17/03/2026","4.329","4.329","4.329","4.329","-0.18%"
"16/03/2026","4.337","4.337","4.337","4.337","0.18%"
"13/03/2026","4.329","4.329","4.329","4.329","-0.23%"
"12/03/2026","4.339","4.339","4.339","4.339","0.30%"
"11/03/2026","4.326","4.326","4.326","4.326","-0.09%"
"10/03/2026","4.330","4.330","4.330","4.330","0.37%"
"09/03/2026","4.314","4.314","4.314","4.314","0.19%"
"06/03/2026","4.306","4.297","4.306","4.297","0.21%"
"05/03/2026","4.297","4.297","4.297","4.297","-0.26%"
"04/03/2026","4.308","4.308","4.308","4.308","0.30%"
"03/03/2026","4.295","4.295","4.295","4.295","0.12%"
"02/03/2026","4.290","4.252","4.290","4.252","0.89%"
"27/02/2026","4.252","4.252","4.252","4.252","0.00%"
"26/02/2026","4.252","4.252","4.252","4.252","0.02%"
"25/02/2026","4.251","4.251","4.251","4.251","0.00%"
"24/02/2026","4.251","4.251","4.251","4.251","0.12%"
"23/02/2026","4.246","4.246","4.246","4.246","-0.07%"
"20/02/2026","4.249","4.249","4.249","4.249","0.00%"
"19/02/2026","4.249","4.249","4.249","4.249","0.00%"
"18/02/2026","4.249","4.249","4.249","4.249","0.00%"
"17/02/2026","4.249","4.249","4.249","4.249","0.00%"
"16/02/2026","4.249","4.249","4.249","4.249","0.00%"
"13/02/2026","4.249","4.249","4.249","4.249","0.07%"
"12/02/2026","4.246","4.246","4.246","4.246","0.00%"
"11/02/2026","4.246","4.246","4.246","4.246","0.00%"
"10/02/2026","4.246","4.246","4.246","4.246","0.07%"
"09/02/2026","4.243","4.243","4.243","4.243","0.50%"
"06/02/2026","4.222","4.222","4.222","4.222","0.07%"
"05/02/2026","4.219","4.219","4.219","4.219","-0.09%"
"04/02/2026","4.223","4.204","4.223","4.204","0.48%"
"03/02/2026","4.203","4.203","4.203","4.203","0.00%"
"02/02/2026","4.203","4.190","4.203","4.190","0.60%"
"30/01/2026","4.178","4.187","4.187","4.178","-0.24%"
"29/01/2026","4.188","4.188","4.188","4.188","0.29%"
"28/01/2026","4.176","4.176","4.176","4.176","-0.19%"
"27/01/2026","4.184","4.184","4.184","4.184","0.07%"
"26/01/2026","4.181","4.181","4.181","4.181","0.10%"
"23/01/2026","4.177","4.177","4.177","4.177","-0.19%"
"22/01/2026","4.185","4.185","4.185","4.185","0.58%"
"21/01/2026","4.161","4.161","4.161","4.161","-0.34%"
"20/01/2026","4.175","4.175","4.175","4.175","-2.02%"
"19/01/2026","4.261","4.266","4.266","4.261","-0.12%"
"16/01/2026","4.266","4.256","4.266","4.256","0.21%"
"15/01/2026","4.257","4.257","4.257","4.257","-0.07%"
"14/01/2026","4.260","4.258","4.260","4.258","0.05%"
"13/01/2026","4.258","4.268","4.268","4.258","-0.23%"
"12/01/2026","4.268","4.268","4.268","4.268","-0.21%"
"09/01/2026","4.277","4.277","4.277","4.277","-0.53%"
"08/01/2026","4.300","4.300","4.300","4.300","1.82%"
"07/01/2026","4.223","4.223","4.223","4.223","0.88%"
"06/01/2026","4.186","4.186","4.186","4.186","0.10%"
"05/01/2026","4.182","4.182","4.182","4.182","-0.10%"
"02/01/2026","4.186","4.186","4.186","4.186","0.00%"
"01/01/2026","4.186","4.186","4.186","4.186","0.00%"
"31/12/2025","4.186","4.186","4.186","4.186","0.07%"
"30/12/2025","4.183","4.183","4.183","4.183","0.02%"
"29/12/2025","4.182","4.182","4.182","4.182","0.07%"
"26/12/2025","4.179","4.179","4.179","4.179","0.00%"
"25/12/2025","4.179","4.159","4.179","4.159","0.48%"
"24/12/2025","4.159","4.159","4.159","4.159","0.00%"
"23/12/2025","4.159","4.157","4.159","4.157","0.05%"
"22/12/2025","4.157","4.157","4.157","4.157","0.10%"
"19/12/2025","4.153","4.153","4.153","4.153","0.22%"
"18/12/2025","4.144","4.144","4.144","4.144","0.39%"
"17/12/2025","4.128","4.128","4.128","4.128","-0.05%"
"16/12/2025","4.130","4.130","4.130","4.130","0.10%"
"15/12/2025","4.126","4.126","4.126","4.126","0.05%"
"12/12/2025","4.124","4.124","4.124","4.124","-0.07%"
"11/12/2025","4.127","4.127","4.127","4.127","0.73%"
"10/12/2025","4.097","4.097","4.097","4.097","-0.02%"
"09/12/2025","4.098","4.098","4.098","4.098","0.00%"
"08/12/2025","4.098","4.098","4.098","4.098","0.02%"
"05/12/2025","4.097","4.078","4.097","4.078","0.47%"
"04/12/2025","4.078","4.078","4.078","4.078","-0.15%"
"03/12/2025","4.084","4.064","4.084","4.064","0.49%"
"02/12/2025","4.064","4.064","4.064","4.064","0.37%"
"01/12/2025","4.049","4.035","4.049","4.035","0.45%"
"28/11/2025","4.031","4.027","4.031","4.027","0.07%"
"27/11/2025","4.028","3.998","4.028","3.998","0.73%"
"26/11/2025","3.999","4.010","4.010","3.999","-0.27%"
"25/11/2025","4.010","4.012","4.012","4.010","-0.05%"
"24/11/2025","4.012","3.985","4.012","3.985","0.68%"
"21/11/2025","3.985","4.012","4.012","3.985","-0.67%"
"20/11/2025","4.012","4.000","4.012","4.000","0.30%"
"19/11/2025","4.000","3.992","4.000","3.992","0.20%"
"18/11/2025","3.992","4.004","4.004","3.992","-0.30%"
"17/11/2025","4.004","4.004","4.004","4.004","0.00%"
"14/11/2025","4.004","4.004","4.004","4.004","-0.02%"
"13/11/2025","4.005","3.990","4.005","3.990","0.35%"
"12/11/2025","3.991","3.976","3.991","3.976","0.38%"
"11/11/2025","3.976","3.987","3.987","3.976","-0.28%"
"10/11/2025","3.987","3.978","3.987","3.978","0.23%"
"07/11/2025","3.978","3.976","3.978","3.976","0.05%"
"06/11/2025","3.976","3.976","3.976","3.976","0.18%"
"05/11/2025","3.969","3.965","3.969","3.965","0.10%"
"04/11/2025","3.965","3.964","3.965","3.964","0.03%"
"03/11/2025","3.964","3.967","3.967","3.964","0.25%"
"31/10/2025","3.954","3.936","3.954","3.936","0.43%"
"30/10/2025","3.937","3.923","3.937","3.923","0.36%"
"29/10/2025","3.923","3.921","3.923","3.921","0.03%"
"28/10/2025","3.922","3.919","3.922","3.919","0.08%"
"27/10/2025","3.919","3.919","3.919","3.919","0.05%"
"24/10/2025","3.917","3.912","3.917","3.912","0.10%"
"23/10/2025","3.913","3.907","3.913","3.907","0.15%"
"22/10/2025","3.907","3.897","3.907","3.897","0.26%"
"21/10/2025","3.897","3.898","3.898","3.897","-0.03%"
"20/10/2025","3.898","3.876","3.898","3.876","0.57%"
"17/10/2025","3.876","3.886","3.886","3.876","-0.28%"
"16/10/2025","3.887","3.863","3.887","3.863","0.62%"
"15/10/2025","3.863","3.863","3.863","3.863","0.42%"
"14/10/2025","3.847","3.860","3.860","3.847","-0.34%"
"13/10/2025","3.860","3.860","3.860","3.860","0.16%"
"10/10/2025","3.854","3.840","3.854","3.840","0.34%"
"09/10/2025","3.841","3.799","3.841","3.799","1.11%"
"08/10/2025","3.799","3.799","3.799","3.799","-0.05%"
"07/10/2025","3.801","3.800","3.801","3.800","0.03%"
"06/10/2025","3.800","3.790","3.800","3.790","0.26%"
"03/10/2025","3.790","3.790","3.790","3.790","0.00%"
"02/10/2025","3.790","3.761","3.790","3.761","0.77%"
"01/10/2025","3.761","3.761","3.761","3.761","0.00%"
"30/09/2025","3.761","3.761","3.761","3.761","0.00%"
"29/09/2025","3.761","3.759","3.761","3.759","0.05%"
"26/09/2025","3.759","3.759","3.759","3.759","0.24%"
"25/09/2025","3.750","3.750","3.750","3.750","1.16%"
"24/09/2025","3.707","3.707","3.707","3.707","0.00%"
"23/09/2025","3.707","3.707","3.707","3.707","0.00%"
"22/09/2025","3.707","3.703","3.707","3.703","0.08%"
"19/09/2025","3.704","3.697","3.704","3.697","0.19%"
"18/09/2025","3.697","3.689","3.697","3.689","0.22%"
"17/09/2025","3.689","3.690","3.690","3.689","-0.03%"
"16/09/2025","3.690","3.690","3.690","3.688","0.00%"
"15/09/2025","3.690","3.695","3.695","3.690","-0.14%"
"12/09/2025","3.695","3.689","3.695","3.689","0.16%"
"11/09/2025","3.689","3.680","3.689","3.680","0.24%"
"10/09/2025","3.680","3.680","3.680","3.680","0.27%"
"09/09/2025","3.670","3.664","3.670","3.664","0.16%"
"08/09/2025","3.664","3.664","3.664","3.664","0.00%"
"05/09/2025","3.664","3.693","3.693","3.664","-0.79%"
"04/09/2025","3.693","3.693","3.693","3.693","0.00%"
"03/09/2025","3.693","3.689","3.693","3.689","0.11%"
"02/09/2025","3.689","3.689","3.689","3.689","0.00%"
"01/09/2025","3.689","3.689","3.689","3.689","0.00%"
"29/08/2025","3.689","3.684","3.689","3.684","0.11%"
"28/08/2025","3.685","3.690","3.690","3.685","-0.14%"
"27/08/2025","3.690","3.689","3.690","3.689","0.03%"
"26/08/2025","3.689","3.676","3.689","3.676","0.35%"
"25/08/2025","3.676","3.672","3.676","3.672","0.11%"
"22/08/2025","3.672","3.619","3.672","3.619","1.46%"
"21/08/2025","3.619","3.561","3.619","3.561","1.63%"
"20/08/2025","3.561","3.561","3.561","3.561","-0.06%"
"19/08/2025","3.563","3.555","3.563","3.555","0.23%"
"18/08/2025","3.555","3.560","3.560","3.555","-0.14%"
"15/08/2025","3.560","3.551","3.560","3.551","0.25%"
"14/08/2025","3.551","3.503","3.551","3.503","1.37%"
"13/08/2025","3.503","3.497","3.503","3.497","0.17%"
"12/08/2025","3.497","3.496","3.497","3.496","0.03%"
"11/08/2025","3.496","3.492","3.496","3.492","0.11%"
"08/08/2025","3.492","3.503","3.503","3.492","-0.31%"
"07/08/2025","3.503","3.468","3.503","3.468","0.98%"
"06/08/2025","3.469","3.462","3.469","3.462","0.20%"
"05/08/2025","3.462","3.462","3.462","3.462","0.00%"
"04/08/2025","3.462","3.462","3.462","3.462","0.00%"
"01/08/2025","3.462","3.458","3.462","3.458","0.41%"
"31/07/2025","3.448","3.448","3.448","3.448","0.20%"
"30/07/2025","3.441","3.441","3.441","3.441","0.38%"
"29/07/2025","3.428","3.428","3.428","3.428","0.00%"
"28/07/2025","3.428","3.428","3.428","3.428","-0.17%"
"25/07/2025","3.434","3.434","3.434","3.434","-0.15%"
"24/07/2025","3.439","3.429","3.439","3.429","0.29%"
"23/07/2025","3.429","3.429","3.429","3.429","0.79%"
"22/07/2025","3.402","3.400","3.402","3.400","0.06%"
"21/07/2025","3.400","3.398","3.400","3.398","0.06%"
"18/07/2025","3.398","3.398","3.398","3.398","-0.12%"
"17/07/2025","3.402","3.359","3.402","3.359","1.28%"
"16/07/2025","3.359","3.351","3.359","3.351","0.21%"
"15/07/2025","3.352","3.350","3.352","3.350","0.06%"
"14/07/2025","3.350","3.352","3.352","3.350","-0.06%"
"11/07/2025","3.352","3.342","3.352","3.342","0.27%"
"10/07/2025","3.343","3.342","3.343","3.342","0.03%"
"09/07/2025","3.342","3.342","3.342","3.342","-0.03%"
"08/07/2025","3.343","3.342","3.343","3.342","0.03%"
"07/07/2025","3.342","3.344","3.344","3.342","-0.06%"
"04/07/2025","3.344","3.343","3.344","3.343","0.03%"
"03/07/2025","3.343","3.343","3.343","3.343","0.03%"
"02/07/2025","3.342","3.316","3.342","3.316","0.75%"
"01/07/2025","3.317","3.335","3.335","3.317","-0.54%"
"30/06/2025","3.335","3.323","3.335","3.323","0.36%"
"27/06/2025","3.323","3.305","3.323","3.305","0.54%"
"26/06/2025","3.305","3.310","3.310","3.305","-0.15%"
"25/06/2025","3.310","3.323","3.323","3.310","-0.39%"
"24/06/2025","3.323","3.315","3.323","3.315","0.24%"
"23/06/2025","3.315","3.307","3.315","3.307","0.24%"
"20/06/2025","3.307","3.289","3.307","3.289","0.52%"
"19/06/2025","3.290","3.285","3.290","3.285","0.15%"
"18/06/2025","3.285","3.285","3.285","3.285","0.24%"
"17/06/2025","3.277","3.274","3.277","3.274","0.09%"
"16/06/2025","3.274","3.270","3.274","3.270","0.12%"
"13/06/2025","3.270","3.270","3.270","3.270","-0.03%"
"12/06/2025","3.271","3.268","3.271","3.268","0.09%"
"11/06/2025","3.268","3.269","3.269","3.268","-0.03%"
"10/06/2025","3.269","3.263","3.269","3.263","0.18%"
"09/06/2025","3.263","3.252","3.263","3.252","0.34%"
"06/06/2025","3.252","3.259","3.259","3.252","-0.21%"
"05/06/2025","3.259","3.245","3.259","3.245","0.43%"
"04/06/2025","3.245","3.235","3.245","3.235","0.31%"
"03/06/2025","3.235","3.233","3.235","3.233","0.03%"
"02/06/2025","3.234","3.234","3.234","3.234","0.43%"
"30/05/2025","3.220","3.207","3.220","3.207","0.37%"
"29/05/2025","3.208","3.197","3.208","3.197","0.34%"
"28/05/2025","3.197","3.203","3.203","3.197","-0.19%"
"27/05/2025","3.203","3.197","3.203","3.197","0.19%"
"26/05/2025","3.197","3.174","3.197","3.174","0.72%"
"23/05/2025","3.174","3.185","3.185","3.174","-0.38%"
"22/05/2025","3.186","3.180","3.186","3.180","0.19%"
"21/05/2025","3.180","3.176","3.180","3.176","0.13%"
"20/05/2025","3.176","3.186","3.186","3.176","-0.31%"
"19/05/2025","3.186","3.171","3.186","3.171","0.44%"
"16/05/2025","3.172","3.166","3.172","3.166","0.16%"
"15/05/2025","3.167","3.182","3.182","3.167","-0.50%"
"14/05/2025","3.183","3.173","3.183","3.173","0.32%"
"13/05/2025","3.173","3.183","3.183","3.173","-0.31%"
"12/05/2025","3.183","3.209","3.209","3.183","-0.81%"
"09/05/2025","3.209","3.210","3.210","3.209","-0.03%"
"08/05/2025","3.210","3.192","3.210","3.192","0.53%"
"07/05/2025","3.193","3.203","3.203","3.193","-0.34%"
"06/05/2025","3.204","3.211","3.211","3.204","-0.22%"
"05/05/2025","3.211","3.196","3.211","3.196","0.47%"
"29/04/2025","3.196","3.196","3.196","3.196","0.00%"
"28/04/2025","3.196","3.177","3.196","3.177","0.60%"
"25/04/2025","3.177","3.183","3.183","3.177","-0.22%"
"24/04/2025","3.184","3.149","3.184","3.149","1.11%"
"23/04/2025","3.149","3.146","3.149","3.146","0.10%"
"22/04/2025","3.146","3.156","3.156","3.146","-0.32%"
"21/04/2025","3.156","3.143","3.156","3.143","0.41%"
"18/04/2025","3.143","3.140","3.143","3.140","0.10%"
"17/04/2025","3.140","3.126","3.140","3.126","0.45%"
"16/04/2025","3.126","3.145","3.145","3.126","-0.60%"
"15/04/2025","3.145","3.146","3.146","3.145","-0.03%"
"14/04/2025","3.146","3.145","3.146","3.145","0.03%"
"11/04/2025","3.145","3.134","3.145","3.134","0.35%"
"10/04/2025","3.134","3.149","3.149","3.134","-0.48%"
"09/04/2025","3.149","3.152","3.152","3.149","-0.10%"
"08/04/2025","3.152","3.120","3.152","3.120","1.03%"
"04/04/2025","3.120","3.152","3.152","3.120","-1.05%"
"03/04/2025","3.153","3.153","3.153","3.153","2.77%"
"02/04/2025","3.068","3.064","3.068","3.064","0.10%"
"01/04/2025","3.065","3.059","3.065","3.059","0.20%"
"31/03/2025","3.059","3.066","3.066","3.059","-0.23%"
"28/03/2025","3.066","3.082","3.082","3.066","-0.55%"
"27/03/2025","3.083","3.083","3.083","3.083","0.00%"
"26/03/2025","3.083","3.083","3.083","3.083","0.13%"
"25/03/2025","3.079","3.069","3.079","3.069","0.33%"
"24/03/2025","3.069","3.053","3.069","3.053","0.52%"
"21/03/2025","3.053","3.055","3.055","3.053","-0.07%"
"20/03/2025","3.055","3.066","3.066","3.055","-0.36%"
"19/03/2025","3.066","3.059","3.066","3.059","0.20%"
"18/03/2025","3.060","3.055","3.060","3.055","0.16%"
"17/03/2025","3.055","3.071","3.071","3.055","-0.52%"
"14/03/2025","3.071","3.047","3.071","3.047","0.79%"
"13/03/2025","3.047","3.047","3.047","3.047","-0.68%"
"12/03/2025","3.068","3.068","3.068","3.068","-0.07%"
"11/03/2025","3.070","3.064","3.070","3.064","0.20%"
"10/03/2025","3.064","3.066","3.066","3.064","-0.10%"
"07/03/2025","3.067","3.070","3.070","3.067","-0.10%"
"06/03/2025","3.070","3.120","3.120","3.070","-1.60%"
"05/03/2025","3.120","3.178","3.178","3.120","-1.86%"
"04/03/2025","3.179","3.189","3.189","3.179","-0.31%"
"03/03/2025","3.189","3.198","3.198","3.189","0.31%"
"28/02/2025","3.179","3.166","3.179","3.166","0.38%"
"27/02/2025","3.167","3.217","3.217","3.167","-1.55%"
"26/02/2025","3.217","3.213","3.217","3.213","0.12%"
"25/02/2025","3.213","3.230","3.230","3.213","-0.56%"
"24/02/2025","3.231","3.212","3.231","3.212","0.59%"
"21/02/2025","3.212","3.215","3.215","3.212","-0.12%"
"20/02/2025","3.216","3.224","3.224","3.216","-0.28%"
"19/02/2025","3.225","3.224","3.225","3.224","0.03%"
"18/02/2025","3.224","3.224","3.224","3.224","0.00%"
"17/02/2025","3.224","3.215","3.224","3.215","0.25%"
"14/02/2025","3.216","3.230","3.230","3.216","-0.46%"
"13/02/2025","3.231","3.212","3.231","3.212","0.59%"
"12/02/2025","3.212","3.185","3.212","3.185","0.82%"
"11/02/2025","3.186","3.173","3.186","3.173","0.38%"
"10/02/2025","3.174","3.127","3.174","3.127","1.47%"
"07/02/2025","3.128","3.138","3.138","3.128","-0.35%"
"06/02/2025","3.139","3.104","3.139","3.104","1.13%"
"05/02/2025","3.104","3.114","3.114","3.104","-0.35%"
"04/02/2025","3.115","3.119","3.119","3.115","-0.16%"
"03/02/2025","3.120","3.091","3.120","3.091","2.06%"
"31/01/2025","3.057","3.057","3.057","3.057","0.00%"
"30/01/2025","3.057","3.057","3.057","3.057","0.00%"
"29/01/2025","3.057","3.057","3.057","3.057","0.00%"
"28/01/2025","3.057","3.057","3.057","3.057","0.00%"
"27/01/2025","3.057","3.057","3.057","3.057","-1.61%"
"24/01/2025","3.107","3.091","3.107","3.091","0.39%"
"23/01/2025","3.095","3.146","3.146","3.095","-1.62%"
"22/01/2025","3.146","3.167","3.167","3.146","-0.66%"
"21/01/2025","3.167","3.156","3.167","3.156","0.32%"
"20/01/2025","3.157","3.175","3.175","3.157","-0.60%"
"17/01/2025","3.176","3.191","3.191","3.176","-0.50%"
"16/01/2025","3.192","3.206","3.206","3.192","-0.44%"
"15/01/2025","3.206","3.190","3.206","3.190","0.47%"
"14/01/2025","3.191","3.189","3.191","3.189","0.06%"
"13/01/2025","3.189","3.152","3.189","3.152","1.14%"
"10/01/2025","3.153","3.093","3.153","3.093","1.87%"
"09/01/2025","3.095","3.095","3.095","3.095","-0.55%"
"08/01/2025","3.112","3.093","3.112","3.093","0.61%"
"07/01/2025","3.093","3.092","3.093","3.092","0.03%"
"06/01/2025","3.092","3.113","3.113","3.092","-0.67%"
"03/01/2025","3.113","3.107","3.113","3.107","0.16%"
"02/01/2025","3.108","3.118","3.118","3.108","-0.32%"
"31/12/2024","3.118","3.114","3.118","3.114","0.13%"
"30/12/2024","3.114","3.109","3.114","3.109","0.16%"
"27/12/2024","3.109","3.122","3.122","3.109","-0.42%"
"26/12/2024","3.122","3.122","3.122","3.122","0.00%"
"25/12/2024","3.122","3.119","3.122","3.119","0.10%"
"24/12/2024","3.119","3.088","3.119","3.088","1.00%"
"23/12/2024","3.088","3.097","3.097","3.088","-0.29%"
"20/12/2024","3.097","3.109","3.109","3.097","-0.42%"
"19/12/2024","3.110","2.990","3.110","2.990","4.01%"
"18/12/2024","2.990","2.985","2.990","2.985","0.17%"
"17/12/2024","2.985","2.973","2.985","2.973","0.40%"
"16/12/2024","2.973","2.957","2.973","2.957","0.54%"
"13/12/2024","2.957","2.953","2.957","2.953","0.14%"
"12/12/2024","2.953","2.916","2.953","2.916","1.27%"
"11/12/2024","2.916","2.906","2.916","2.906","0.34%"
"10/12/2024","2.906","2.911","2.911","2.906","-0.17%"
"09/12/2024","2.911","2.906","2.911","2.906","0.17%"
"06/12/2024","2.906","2.906","2.906","2.906","-0.03%"
"05/12/2024","2.907","2.908","2.908","2.907","-0.03%"
"04/12/2024","2.908","2.888","2.908","2.888","0.69%"
"03/12/2024","2.888","2.854","2.888","2.854","1.19%"
"02/12/2024","2.854","2.869","2.869","2.854","-0.52%"
"29/11/2024","2.869","2.871","2.871","2.869","-0.07%"
"28/11/2024","2.871","2.870","2.871","2.870","0.03%"
"27/11/2024","2.870","2.862","2.870","2.862","0.28%"
"26/11/2024","2.862","2.870","2.870","2.862","-0.28%"
"25/11/2024","2.870","2.870","2.870","2.870","0.00%"
"22/11/2024","2.870","2.870","2.870","2.870","-0.03%"
"21/11/2024","2.871","2.867","2.871","2.867","0.14%"
"20/11/2024","2.867","2.859","2.867","2.859","0.28%"
"19/11/2024","2.859","2.859","2.859","2.859","0.00%"
"18/11/2024","2.859","2.859","2.859","2.859","0.00%"
"15/11/2024","2.859","2.860","2.860","2.859","-0.03%"
"14/11/2024","2.860","2.850","2.860","2.850","0.32%"
"13/11/2024","2.851","2.848","2.851","2.848","0.11%"
"12/11/2024","2.848","2.850","2.850","2.848","-0.11%"
"11/11/2024","2.851","2.843","2.851","2.843","0.28%"
"08/11/2024","2.843","2.852","2.852","2.843","-0.32%"
"07/11/2024","2.852","2.825","2.852","2.825","0.96%"
"06/11/2024","2.825","2.827","2.827","2.825","-0.07%"
"05/11/2024","2.827","2.819","2.827","2.819","0.28%"
"04/11/2024","2.819","2.816","2.819","2.816","0.11%"
"01/11/2024","2.816","2.813","2.816","2.813","0.64%"
"31/10/2024","2.798","2.798","2.798","2.798","0.21%"
"30/10/2024","2.792","2.792","2.792","2.792","0.00%"
"29/10/2024","2.792","2.789","2.792","2.789","0.11%"
"28/10/2024","2.789","2.789","2.789","2.789","-0.25%"
"25/10/2024","2.796","2.796","2.796","2.796","-0.07%"
"24/10/2024","2.798","2.798","2.798","2.798","-0.04%"
"23/10/2024","2.799","2.799","2.799","2.799","0.47%"
"22/10/2024","2.786","2.765","2.786","2.765","0.72%"
"21/10/2024","2.766","2.766","2.766","2.766","0.29%"
"18/10/2024","2.758","2.758","2.758","2.758","0.07%"
"17/10/2024","2.756","2.756","2.756","2.756","0.11%"
"16/10/2024","2.753","2.753","2.753","2.753","-0.22%"
"15/10/2024","2.759","2.760","2.760","2.759","-0.04%"
"14/10/2024","2.760","2.760","2.760","2.760","0.11%"
"11/10/2024","2.757","2.757","2.757","2.757","0.47%"
"10/10/2024","2.744","2.744","2.744","2.744","-0.54%"
"09/10/2024","2.759","2.759","2.759","2.759","0.00%"
"08/10/2024","2.759","2.762","2.762","2.759","-0.11%"
"07/10/2024","2.762","2.762","2.762","2.762","-0.22%"
"04/10/2024","2.768","2.768","2.768","2.768","0.18%"
"03/10/2024","2.763","2.764","2.764","2.763","-0.04%"
"02/10/2024","2.764","2.764","2.764","2.764","0.00%"
"01/10/2024","2.764","2.768","2.768","2.764","-0.14%"
"30/09/2024","2.768","2.768","2.768","2.768","0.65%"
"27/09/2024","2.750","2.750","2.750","2.750","-0.33%"
"26/09/2024","2.759","2.759","2.759","2.759","-0.29%"
"25/09/2024","2.767","2.767","2.767","2.767","0.25%"
"24/09/2024","2.760","2.766","2.766","2.760","-0.25%"
"23/09/2024","2.767","2.767","2.767","2.767","-0.14%"
"20/09/2024","2.771","2.786","2.786","2.771","-0.54%"
"19/09/2024","2.786","2.786","2.786","2.786","-0.54%"
"18/09/2024","2.801","2.801","2.801","2.801","0.65%"
"17/09/2024","2.783","2.799","2.799","2.783","-0.57%"
"16/09/2024","2.799","2.799","2.799","2.799","-0.11%"
"13/09/2024","2.802","2.800","2.802","2.800","0.04%"
"12/09/2024","2.801","2.809","2.809","2.801","-0.28%"
"11/09/2024","2.809","2.808","2.809","2.808","0.04%"
"10/09/2024","2.808","2.808","2.808","2.808","0.00%"
"09/09/2024","2.808","2.808","2.808","2.808","-0.67%"
"06/09/2024","2.827","2.827","2.827","2.827","-0.32%"
"05/09/2024","2.836","2.826","2.836","2.826","0.35%"
"04/09/2024","2.826","2.826","2.826","2.826","-0.14%"
"30/08/2024","2.830","2.823","2.830","2.823","0.25%"
"29/08/2024","2.823","2.823","2.823","2.823","-0.21%"
"28/08/2024","2.829","2.820","2.829","2.820","0.28%"
"27/08/2024","2.821","2.815","2.821","2.815","0.21%"
"26/08/2024","2.815","2.815","2.815","2.815","-0.32%"
"23/08/2024","2.824","2.824","2.824","2.824","0.39%"
"22/08/2024","2.813","2.813","2.813","2.813","-0.53%"
"21/08/2024","2.828","2.828","2.828","2.828","-0.14%"
"20/08/2024","2.832","2.843","2.843","2.832","-0.39%"
"19/08/2024","2.843","2.843","2.843","2.843","0.18%"
"16/08/2024","2.838","2.838","2.838","2.838","-0.25%"
"15/08/2024","2.845","2.845","2.845","2.845","0.07%"
"14/08/2024","2.843","2.843","2.843","2.843","-0.21%"
"13/08/2024","2.849","2.853","2.853","2.849","-0.14%"
"12/08/2024","2.853","2.853","2.853","2.853","-0.52%"
"09/08/2024","2.868","2.868","2.868","2.868","0.53%"
"08/08/2024","2.853","2.862","2.862","2.853","-0.31%"
"07/08/2024","2.862","2.868","2.868","2.862","-0.21%"
"06/08/2024","2.868","2.892","2.892","2.868","-0.83%"
"05/08/2024","2.892","2.892","2.892","2.892","-0.24%"
"02/08/2024","2.899","2.879","2.899","2.879","0.66%"
"01/08/2024","2.880","2.903","2.903","2.880","-0.45%"
"31/07/2024","2.893","2.895","2.895","2.893","-0.07%"
"30/07/2024","2.895","2.895","2.895","2.895","-0.28%"
"29/07/2024","2.903","2.903","2.903","2.903","0.21%"
"26/07/2024","2.897","2.897","2.897","2.897","0.56%"
"25/07/2024","2.881","2.908","2.908","2.881","-0.93%"
"24/07/2024","2.908","2.899","2.908","2.899","0.31%"
"23/07/2024","2.899","2.903","2.903","2.899","-0.14%"
"22/07/2024","2.903","2.903","2.903","2.903","0.28%"
"19/07/2024","2.895","2.895","2.895","2.895","-0.31%"
"18/07/2024","2.904","2.904","2.904","2.904","0.07%"
"17/07/2024","2.902","2.899","2.902","2.899","0.10%"
"16/07/2024","2.899","2.901","2.901","2.899","-0.07%"
"15/07/2024","2.901","2.901","2.901","2.901","0.24%"
"12/07/2024","2.894","2.890","2.894","2.890","0.14%"
"11/07/2024","2.890","2.888","2.890","2.888","0.07%"
"10/07/2024","2.888","2.894","2.894","2.888","-0.21%"
"09/07/2024","2.894","2.883","2.894","2.883","0.38%"
"08/07/2024","2.883","2.883","2.883","2.883","0.31%"
"05/07/2024","2.874","2.874","2.874","2.874","0.07%"
"04/07/2024","2.872","2.857","2.872","2.857","0.53%"
"03/07/2024","2.857","2.875","2.875","2.857","-0.63%"
"02/07/2024","2.875","2.882","2.882","2.875","-0.24%"
"01/07/2024","2.882","2.882","2.882","2.882","-0.10%"
"28/06/2024","2.885","2.885","2.885","2.885","-0.14%"
"27/06/2024","2.889","2.899","2.899","2.889","-0.34%"
"26/06/2024","2.899","2.878","2.899","2.878","0.73%"
"25/06/2024","2.878","2.880","2.880","2.878","-0.07%"
"24/06/2024","2.880","2.880","2.880","2.880","0.59%"
"21/06/2024","2.863","2.863","2.863","2.863","0.46%"
"20/06/2024","2.850","2.890","2.890","2.850","-1.38%"
"19/06/2024","2.890","2.890","2.890","2.890","-0.58%"
"18/06/2024","2.907","2.903","2.907","2.903","0.14%"
"17/06/2024","2.903","2.903","2.903","2.903","0.07%"
"14/06/2024","2.901","2.907","2.907","2.901","-0.21%"
"13/06/2024","2.907","2.932","2.932","2.907","-0.85%"
"12/06/2024","2.932","2.939","2.939","2.932","-0.24%"
"11/06/2024","2.939","2.929","2.939","2.929","0.34%"
"10/06/2024","2.929","2.908","2.929","2.908","0.72%"
"07/06/2024","2.908","2.916","2.916","2.908","-0.27%"
"06/06/2024","2.916","2.913","2.916","2.913","0.07%"
"05/06/2024","2.914","2.911","2.914","2.911","0.10%"
"04/06/2024","2.911","2.911","2.911","2.911","-0.61%"
"03/06/2024","2.929","2.955","2.955","2.929","-0.64%"
"31/05/2024","2.948","2.965","2.965","2.948","-0.64%"
"30/05/2024","2.967","2.954","2.967","2.954","0.41%"
"29/05/2024","2.955","2.988","2.988","2.955","-1.10%"
"28/05/2024","2.988","3.014","3.014","2.988","-0.86%"
"27/05/2024","3.014","3.014","3.014","3.014","-0.69%"
"24/05/2024","3.035","3.027","3.035","3.027","0.26%"
"23/05/2024","3.027","2.959","3.027","2.959","2.30%"
"22/05/2024","2.959","2.959","2.959","2.959","3.75%"
"21/05/2024","2.852","2.868","2.868","2.852","-0.56%"
"20/05/2024","2.868","2.868","2.868","2.868","0.39%"
"17/05/2024","2.857","2.865","2.865","2.857","-0.28%"
"16/05/2024","2.865","2.878","2.878","2.865","-0.45%"
"15/05/2024","2.878","2.876","2.878","2.876","0.03%"
"14/05/2024","2.877","2.878","2.878","2.877","-0.03%"
"13/05/2024","2.878","2.878","2.878","2.878","0.56%"
"10/05/2024","2.862","2.875","2.875","2.862","-0.45%"
"09/05/2024","2.875","2.884","2.884","2.875","-0.31%"
"08/05/2024","2.884","2.884","2.884","2.884","0.31%"
"07/05/2024","2.875","2.881","2.881","2.875","-0.21%"
"06/05/2024","2.881","2.881","2.881","2.881","-1.47%"
"03/05/2024","2.924","2.926","2.926","2.924","-0.07%"
"02/05/2024","2.926","2.928","2.928","2.926","2.67%"
"01/05/2024","2.850","2.850","2.850","2.850","0.00%"
"30/04/2024","2.850","2.850","2.850","2.850","0.00%"
"29/04/2024","2.850","2.850","2.850","2.850","-1.72%"
"26/04/2024","2.900","2.901","2.901","2.900","-0.10%"
"25/04/2024","2.903","2.921","2.921","2.903","-0.62%"
"24/04/2024","2.921","2.921","2.921","2.921","0.38%"
"23/04/2024","2.910","2.927","2.927","2.910","-0.58%"
"22/04/2024","2.927","2.927","2.927","2.927","0.17%"
"19/04/2024","2.922","2.938","2.938","2.922","1.71%"
"18/04/2024","2.873","2.873","2.873","2.873","-1.71%"
"17/04/2024","2.923","2.938","2.938","2.923","-0.58%"
"16/04/2024","2.940","2.893","2.940","2.893","1.59%"
"15/04/2024","2.894","2.894","2.894","2.894","1.15%"
"12/04/2024","2.861","2.829","2.861","2.829","1.06%"
"11/04/2024","2.831","2.808","2.831","2.808","0.78%"
"10/04/2024","2.809","2.809","2.809","2.809","0.00%"
"09/04/2024","2.809","2.871","2.871","2.809","-2.16%"
"08/04/2024","2.871","2.871","2.871","2.871","-0.42%"
"05/04/2024","2.883","2.883","2.883","2.883","-1.33%"
"04/04/2024","2.922","2.915","2.922","2.915","0.24%"
"03/04/2024","2.915","2.879","2.915","2.879","1.25%"
"02/04/2024","2.879","2.756","2.879","2.756","4.43%"
"01/04/2024","2.757","2.753","2.757","2.753","0.36%"
"29/03/2024","2.747","2.677","2.747","2.677","2.58%"
"28/03/2024","2.678","2.683","2.683","2.678","-0.19%"
"27/03/2024","2.683","2.662","2.683","2.662","0.75%"
"26/03/2024","2.663","2.658","2.663","2.658","0.19%"
"25/03/2024","2.658","2.658","2.658","2.658","0.83%"
"22/03/2024","2.636","2.636","2.636","2.636","0.65%"
"21/03/2024","2.619","2.641","2.641","2.619","-0.83%"
"20/03/2024","2.641","2.621","2.641","2.621","0.72%"
"19/03/2024","2.622","2.629","2.629","2.622","-0.30%"
"18/03/2024","2.630","2.630","2.630","2.630","0.27%"
"15/03/2024","2.623","2.605","2.623","2.605","0.61%"
"14/03/2024","2.607","2.619","2.619","2.607","-0.46%"
"13/03/2024","2.619","2.608","2.619","2.608","0.38%"
"12/03/2024","2.609","2.586","2.609","2.586","0.89%"
"11/03/2024","2.586","2.586","2.586","2.586","-1.15%"
"08/03/2024","2.616","2.494","2.616","2.494","4.85%"
"07/03/2024","2.495","2.495","2.495","2.495","2.80%"
"06/03/2024","2.427","2.402","2.427","2.402","1.00%"
"05/03/2024","2.403","2.405","2.405","2.403","-0.12%"
"04/03/2024","2.406","2.406","2.406","2.406","0.00%"
"01/03/2024","2.406","2.461","2.461","2.406","-2.27%"
"29/02/2024","2.462","2.378","2.462","2.378","3.53%"
"28/02/2024","2.378","2.423","2.423","2.378","-1.90%"
"27/02/2024","2.424","2.424","2.424","2.424","-1.54%"
"26/02/2024","2.462","2.462","2.462","2.462","1.44%"
"23/02/2024","2.427","2.409","2.427","2.409","0.71%"
"22/02/2024","2.410","2.410","2.410","2.410","1.05%"
"21/02/2024","2.385","2.385","2.385","2.385","-0.71%"
"20/02/2024","2.402","2.393","2.402","2.393","0.38%"
"19/02/2024","2.393","2.393","2.393","2.393","0.46%"
"16/02/2024","2.382","2.403","2.403","2.382","-0.67%"
"15/02/2024","2.398","2.403","2.403","2.398","3.01%"
"14/02/2024","2.328","2.328","2.328","2.328","0.00%"
"13/02/2024","2.328","2.328","2.328","2.328","0.00%"
"12/02/2024","2.328","2.328","2.328","2.328","0.00%"
"09/02/2024","2.328","2.328","2.328","2.328","0.00%"
"08/02/2024","2.328","2.328","2.328","2.328","-3.20%"
"07/02/2024","2.405","2.422","2.422","2.405","-0.70%"
"06/02/2024","2.422","2.438","2.438","2.422","-0.66%"
"05/02/2024","2.438","2.438","2.438","2.438","1.37%"
"02/02/2024","2.405","2.405","2.405","2.405","-0.33%"
"01/02/2024","2.413","2.413","2.413","2.413","-0.37%"
"31/01/2024","2.422","2.422","2.422","2.422","1.04%"
"30/01/2024","2.397","2.379","2.397","2.379","0.76%"
"29/01/2024","2.379","2.379","2.379","2.379","-0.92%"
"26/01/2024","2.401","2.401","2.401","2.401","1.35%"
"25/01/2024","2.369","2.369","2.369","2.369","3.13%"
"24/01/2024","2.297","2.297","2.297","2.297","-0.69%"
"23/01/2024","2.313","2.358","2.358","2.313","-1.91%"
"22/01/2024","2.358","2.358","2.358","2.358","-0.76%"
"19/01/2024","2.376","2.376","2.376","2.376","1.06%"
"18/01/2024","2.351","2.351","2.351","2.351","-0.30%"
"17/01/2024","2.358","2.358","2.358","2.358","1.59%"
"16/01/2024","2.321","2.323","2.323","2.321","-0.09%"
"15/01/2024","2.323","2.328","2.328","2.323","-0.21%"
"12/01/2024","2.328","2.321","2.328","2.321","0.30%"
"11/01/2024","2.321","2.308","2.321","2.308","0.09%"
"10/01/2024","2.319","2.308","2.319","2.308","0.48%"
"09/01/2024","2.308","2.369","2.369","2.308","-0.04%"
"08/01/2024","2.309","2.369","2.369","2.309","-2.53%"
"05/01/2024","2.369","2.385","2.385","2.369","-0.67%"
"04/01/2024","2.385","2.428","2.428","2.385","-1.77%"
"03/01/2024","2.428","2.396","2.428","2.396","1.34%"
"02/01/2024","2.396","2.399","2.399","2.396","3.36%"
"01/01/2024","2.318","2.318","2.318","2.318","-3.13%"
"29/12/2023","2.393","2.368","2.393","2.368","1.01%"
"28/12/2023","2.369","2.360","2.369","2.360","0.38%"
"27/12/2023","2.360","2.359","2.360","2.359","0.04%"
"26/12/2023","2.359","2.358","2.359","2.358","0.04%"
"25/12/2023","2.358","2.359","2.359","2.358","-0.04%"
"22/12/2023","2.359","2.346","2.359","2.346","0.51%"
"21/12/2023","2.347","2.356","2.356","2.347","-0.38%"
"20/12/2023","2.356","2.376","2.376","2.356","-0.84%"
"19/12/2023","2.376","2.361","2.385","2.361","-0.38%"
"18/12/2023","2.385","2.361","2.385","2.361","1.02%"
"15/12/2023","2.361","2.361","2.361","2.361","-1.58%"
"14/12/2023","2.399","2.399","2.399","2.319","-3.23%"
"13/12/2023","2.479","2.491","2.491","2.479","-0.48%"
"12/12/2023","2.491","2.499","2.499","2.491","-0.32%"
"11/12/2023","2.499","2.499","2.499","2.499","0.28%"
"08/12/2023","2.492","2.492","2.492","2.492","-0.12%"
"07/12/2023","2.495","2.495","2.495","2.495","0.48%"
"06/12/2023","2.483","2.483","2.483","2.483","-0.40%"
"05/12/2023","2.493","2.493","2.493","2.493","0.44%"
"04/12/2023","2.482","2.482","2.482","2.482","-0.16%"
"01/12/2023","2.486","2.488","2.488","2.486","0.00%"
"30/11/2023","2.486","2.486","2.486","2.486","-2.59%"
"29/11/2023","2.552","2.552","2.552","2.552","-1.16%"
"28/11/2023","2.582","2.582","2.582","2.582","0.00%"
"27/11/2023","2.582","2.582","2.582","2.582","0.19%"
"24/11/2023","2.577","2.577","2.577","2.577","1.62%"
"23/11/2023","2.536","2.536","2.536","2.536","-5.13%"
"22/11/2023","2.673","2.673","2.673","2.673","0.04%"
"21/11/2023","2.672","2.672","2.672","2.672","-0.07%"
"20/11/2023","2.674","2.674","2.674","2.674","-1.22%"
"17/11/2023","2.707","2.707","2.707","2.707","-0.73%"
"16/11/2023","2.727","2.727","2.727","2.727","-1.34%"
"15/11/2023","2.764","2.764","2.764","2.764","-1.29%"
"14/11/2023","2.800","2.800","2.800","2.800","-0.21%"
"13/11/2023","2.806","2.806","2.806","2.806","-0.78%"
"10/11/2023","2.828","2.828","2.828","2.828","-0.60%"
"09/11/2023","2.845","2.845","2.845","2.845","0.21%"
"08/11/2023","2.839","2.839","2.839","2.839","-2.31%"
"07/11/2023","2.906","2.906","2.906","2.906","-1.49%"
"06/11/2023","2.950","2.950","2.950","2.950","-1.37%"
"03/11/2023","2.991","2.991","2.991","2.991","-0.80%"
"02/11/2023","3.015","3.015","3.015","3.015","-0.43%"
"01/11/2023","3.028","3.070","3.070","3.028","-1.27%"
"31/10/2023","3.067","3.067","3.067","3.067","0.00%"
"30/10/2023","3.067","3.067","3.067","3.067","-0.49%"
"27/10/2023","3.082","3.082","3.082","3.082","-0.74%"
"26/10/2023","3.105","3.105","3.105","3.105","-0.38%"
"25/10/2023","3.117","3.117","3.117","3.117","-3.14%"
"24/10/2023","3.218","3.218","3.218","3.218","-0.89%"
"23/10/2023","3.247","3.247","3.247","3.247","-0.18%"
"20/10/2023","3.253","3.253","3.253","3.253","2.04%"
"19/10/2023","3.188","3.188","3.188","3.188","4.25%"
"18/10/2023","3.058","3.058","3.058","3.058","0.39%"
"17/10/2023","3.046","3.046","3.046","3.046","0.40%"
"16/10/2023","3.034","3.034","3.034","3.034","0.23%"
"13/10/2023","3.027","3.027","3.027","3.027","1.07%"
"12/10/2023","2.995","2.995","2.995","2.995","-0.93%"
"11/10/2023","3.023","3.023","3.023","3.023","-0.33%"
"10/10/2023","3.033","3.033","3.033","3.033","-0.26%"
"09/10/2023","3.041","3.041","3.041","3.041","0.16%"
"06/10/2023","3.036","3.036","3.036","3.036","-0.43%"
"05/10/2023","3.049","3.049","3.049","3.049","0.69%"
"04/10/2023","3.028","3.028","3.028","3.028","2.09%"
"03/10/2023","2.966","2.966","2.966","2.966","3.78%"
"02/10/2023","2.858","2.858","2.858","2.858","0.70%"
"29/09/2023","2.838","2.838","2.838","2.838","1.43%"
"28/09/2023","2.798","2.798","2.798","2.798","1.75%"
"27/09/2023","2.750","2.750","2.750","2.750","-1.47%"
"26/09/2023","2.791","2.791","2.791","2.791","0.69%"
"25/09/2023","2.772","2.772","2.772","2.772","1.17%"
"22/09/2023","2.740","2.740","2.740","2.740","1.07%"
"21/09/2023","2.711","2.711","2.711","2.711","0.63%"
"20/09/2023","2.694","2.694","2.694","2.694","-0.77%"
"19/09/2023","2.715","2.715","2.715","2.715","0.74%"
"18/09/2023","2.695","2.695","2.695","2.695","-1.46%"
"15/09/2023","2.735","2.735","2.735","2.735","0.59%"
"14/09/2023","2.719","2.719","2.719","2.719","0.00%"
"13/09/2023","2.719","2.719","2.719","2.719","-0.33%"
"12/09/2023","2.728","2.728","2.728","2.728","-1.09%"
"11/09/2023","2.758","2.758","2.758","2.758","0.18%"
"08/09/2023","2.753","2.753","2.753","2.753","-0.18%"
"07/09/2023","2.758","2.758","2.758","2.758","0.22%"
"06/09/2023","2.752","2.752","2.752","2.752","0.33%"
"05/09/2023","2.743","2.743","2.743","2.743","2.85%"
"04/09/2023","2.667","2.667","2.667","2.667","0.00%"
"01/09/2023","2.667","2.667","2.667","2.667","-1.84%"
"31/08/2023","2.717","2.717","2.717","2.717","-1.24%"
"30/08/2023","2.751","2.751","2.751","2.751","0.59%"
"29/08/2023","2.735","2.735","2.735","2.735","1.00%"
"28/08/2023","2.708","2.708","2.708","2.708","1.73%"
"25/08/2023","2.662","2.662","2.662","2.662","-0.86%"
"24/08/2023","2.685","2.685","2.685","2.685","-0.33%"
"23/08/2023","2.694","2.694","2.694","2.694","0.37%"
"22/08/2023","2.684","2.684","2.684","2.684","1.24%"
"21/08/2023","2.651","2.651","2.651","2.651","2.79%"
"18/08/2023","2.579","2.579","2.579","2.579","-2.16%"
"17/08/2023","2.636","2.636","2.636","2.636","-1.35%"
"16/08/2023","2.672","2.672","2.672","2.672","2.14%"
"15/08/2023","2.616","2.616","2.616","2.616","0.96%"
"14/08/2023","2.591","2.591","2.591","2.591","1.41%"
"11/08/2023","2.555","2.555","2.555","2.555","0.63%"
"10/08/2023","2.539","2.539","2.539","2.539","-2.27%"
"09/08/2023","2.598","2.598","2.598","2.598","0.93%"
"08/08/2023","2.574","2.574","2.574","2.574","0.00%"
"07/08/2023","2.574","2.574","2.574","2.574","3.04%"
"04/08/2023","2.498","2.498","2.498","2.498","-1.15%"
"03/08/2023","2.527","2.527","2.527","2.527","0.00%"
"02/08/2023","2.527","2.527","2.527","2.527","1.20%"
"01/08/2023","2.497","2.565","2.565","2.497","-2.50%"
"31/07/2023","2.561","2.561","2.561","2.561","0.39%"
"28/07/2023","2.551","2.551","2.551","2.551","0.55%"
"27/07/2023","2.537","2.537","2.537","2.537","-2.24%"
"26/07/2023","2.595","2.595","2.595","2.595","1.21%"
"25/07/2023","2.564","2.564","2.564","2.564","-1.35%"
"24/07/2023","2.599","2.599","2.599","2.599","1.48%"
"21/07/2023","2.561","2.561","2.561","2.561","-0.66%"
"20/07/2023","2.578","2.603","2.603","2.578","-0.96%"
"19/07/2023","2.603","2.657","2.657","2.603","-2.07%"
"18/07/2023","2.658","2.672","2.672","2.658","-0.56%"
"17/07/2023","2.673","2.793","2.793","2.673","-4.30%"
"14/07/2023","2.793","2.778","2.793","2.778","0.54%"
"13/07/2023","2.778","2.834","2.834","2.778","-1.98%"
"12/07/2023","2.834","2.787","2.834","2.787","1.69%"
"11/07/2023","2.787","2.842","2.842","2.787","-1.94%"
"10/07/2023","2.842","2.914","2.914","2.842","-2.47%"
"07/07/2023","2.914","2.863","2.914","2.863","1.75%"
"06/07/2023","2.864","2.839","2.864","2.839","0.88%"
"05/07/2023","2.839","2.875","2.875","2.839","-1.29%"
"04/07/2023","2.876","2.863","2.876","2.863","0.45%"
"03/07/2023","2.863","2.747","2.863","2.747","4.22%"
"30/06/2023","2.747","2.699","2.747","2.699","1.78%"
"29/06/2023","2.699","2.662","2.699","2.662","1.39%"
"28/06/2023","2.662","2.689","2.689","2.662","-1.04%"
"27/06/2023","2.690","2.691","2.691","2.690","-0.04%"
"26/06/2023","2.691","2.743","2.743","2.691","-1.90%"
"23/06/2023","2.743","2.684","2.743","2.684","2.20%"
"22/06/2023","2.684","2.845","2.845","2.684","-5.66%"
"21/06/2023","2.845","2.857","2.857","2.845","-0.42%"
"20/06/2023","2.857","2.898","2.898","2.857","-1.41%"
"19/06/2023","2.898","2.936","2.936","2.898","-1.29%"
"16/06/2023","2.936","2.936","2.936","2.936","-4.21%"
"15/06/2023","3.065","3.058","3.065","3.058","0.23%"
"14/06/2023","3.058","3.102","3.102","3.058","-1.45%"
"13/06/2023","3.103","3.164","3.164","3.103","-1.93%"
"12/06/2023","3.164","3.164","3.164","3.164","0.03%"
"09/06/2023","3.163","3.205","3.205","3.163","-1.31%"
"08/06/2023","3.205","3.187","3.205","3.187","0.53%"
"07/06/2023","3.188","3.196","3.196","3.188","-0.25%"
"06/06/2023","3.196","3.204","3.204","3.196","-0.25%"
"05/06/2023","3.204","3.204","3.204","3.204","0.72%"
"02/06/2023","3.181","3.231","3.231","3.181","-1.58%"
"01/06/2023","3.232","3.275","3.275","3.232","-1.16%"
"31/05/2023","3.270","3.282","3.282","3.270","-0.37%"
"30/05/2023","3.282","3.361","3.361","3.282","-2.35%"
"29/05/2023","3.361","3.361","3.361","3.361","1.60%"
"26/05/2023","3.308","3.308","3.308","3.308","2.16%"
"25/05/2023","3.238","3.146","3.238","3.146","2.92%"
"24/05/2023","3.146","3.131","3.146","3.131","0.48%"
"23/05/2023","3.131","3.143","3.143","3.131","-0.38%"
"22/05/2023","3.143","3.143","3.143","3.143","1.52%"
"19/05/2023","3.096","3.093","3.096","3.093","0.10%"
"18/05/2023","3.093","3.104","3.118","3.093","-0.80%"
"17/05/2023","3.118","3.104","3.118","3.104","0.45%"
"16/05/2023","3.104","3.118","3.118","3.104","-0.45%"
"15/05/2023","3.118","3.118","3.118","3.118","0.00%"
"12/05/2023","3.118","3.131","3.131","3.118","-0.42%"
"11/05/2023","3.131","3.203","3.203","3.131","-2.25%"
"10/05/2023","3.203","3.165","3.203","3.165","1.20%"
"09/05/2023","3.165","3.194","3.194","3.165","-0.91%"
"08/05/2023","3.194","3.194","3.194","3.194","-2.20%"
"05/05/2023","3.266","3.330","3.330","3.266","-1.95%"
"04/05/2023","3.331","3.363","3.363","3.331","0.54%"
"03/05/2023","3.313","3.313","3.313","3.313","0.00%"
"02/05/2023","3.313","3.313","3.313","3.313","0.00%"
"01/05/2023","3.313","3.313","3.313","3.313","-1.49%"
"28/04/2023","3.363","3.335","3.363","3.335","0.81%"
"27/04/2023","3.336","3.375","3.375","3.336","-1.16%"
"26/04/2023","3.375","3.392","3.392","3.375","-0.50%"
"25/04/2023","3.392","3.490","3.490","3.392","-2.84%"
"24/04/2023","3.491","3.491","3.491","3.491","2.11%"
"21/04/2023","3.419","3.449","3.449","3.419","-0.87%"
"20/04/2023","3.449","3.449","3.449","3.449","0.17%"
"19/04/2023","3.443","3.477","3.477","3.443","-0.98%"
"18/04/2023","3.477","3.412","3.477","3.412","1.91%"
"17/04/2023","3.412","3.412","3.412","3.412","-1.67%"
"14/04/2023","3.470","3.488","3.488","3.470","-0.54%"
"13/04/2023","3.489","3.429","3.489","3.429","1.75%"
"12/04/2023","3.429","3.445","3.445","3.429","-0.46%"
"11/04/2023","3.445","3.452","3.452","3.445","-0.20%"
"10/04/2023","3.452","3.452","3.452","3.452","-2.68%"
"07/04/2023","3.547","3.599","3.599","3.547","-1.47%"
"06/04/2023","3.600","3.574","3.600","3.574","0.73%"
"05/04/2023","3.574","3.564","3.574","3.564","0.28%"
"04/04/2023","3.564","3.592","3.592","3.564","-0.78%"
"03/04/2023","3.592","3.592","3.592","3.592","3.55%"
"31/03/2023","3.469","3.714","3.714","3.469","-6.60%"
"30/03/2023","3.714","3.746","3.746","3.714","-0.85%"
"29/03/2023","3.746","3.758","3.758","3.746","-0.32%"
"28/03/2023","3.758","3.781","3.781","3.758","-0.61%"
"27/03/2023","3.781","3.781","3.781","3.781","2.05%"
"24/03/2023","3.705","3.872","3.872","3.705","-4.34%"
"23/03/2023","3.873","3.914","3.914","3.873","-1.05%"
"22/03/2023","3.914","3.988","3.988","3.914","-1.86%"
"21/03/2023","3.988","4.029","4.029","3.988","-1.04%"
"20/03/2023","4.030","4.098","4.098","4.030","-1.66%"
"17/03/2023","4.098","4.103","4.103","4.098","-0.12%"
"16/03/2023","4.103","4.103","4.103","4.103","-3.98%"
"15/03/2023","4.273","4.273","4.273","4.273","-0.72%"
"14/03/2023","4.304","4.304","4.304","4.304","-1.28%"
"13/03/2023","4.360","4.313","4.369","4.313","-2.35%"
"10/03/2023","4.465","4.465","4.465","4.465","-1.19%"
"09/03/2023","4.519","4.519","4.519","4.519","-1.29%"
"08/03/2023","4.578","4.578","4.578","4.578","0.59%"
"07/03/2023","4.551","4.551","4.551","4.551","-0.74%"
"06/03/2023","4.585","4.585","4.585","4.585","-0.22%"
"03/03/2023","4.595","4.595","4.595","4.595","0.11%"
"02/03/2023","4.590","4.590","4.590","4.590","1.17%"
"01/03/2023","4.537","4.542","4.542","4.537","0.11%"
"28/02/2023","4.532","4.532","4.532","4.532","-0.29%"
"27/02/2023","4.545","4.545","4.545","4.545","-0.70%"
"24/02/2023","4.577","4.577","4.577","4.577","0.46%"
"23/02/2023","4.556","4.556","4.556","4.556","0.60%"
"22/02/2023","4.529","4.529","4.529","4.529","1.87%"
"21/02/2023","4.446","4.446","4.446","4.446","1.62%"
"20/02/2023","4.375","4.375","4.375","4.375","0.64%"
"17/02/2023","4.347","4.347","4.347","4.347","0.84%"
"16/02/2023","4.311","4.311","4.311","4.311","1.41%"
"15/02/2023","4.251","4.204","4.251","4.204","1.09%"
"14/02/2023","4.205","4.251","4.251","4.205","-1.08%"
"13/02/2023","4.251","4.251","4.251","4.251","-0.07%"
"10/02/2023","4.254","4.257","4.257","4.254","-0.07%"
"09/02/2023","4.257","4.323","4.323","4.257","-1.53%"
"08/02/2023","4.323","4.301","4.323","4.301","0.51%"
"07/02/2023","4.301","4.322","4.322","4.301","-0.49%"
"06/02/2023","4.322","4.326","4.326","4.322","-0.09%"
"03/02/2023","4.326","4.357","4.357","4.326","-0.73%"
"02/02/2023","4.358","4.474","4.474","4.358","-2.61%"
"01/02/2023","4.475","4.639","4.639","4.475","-3.54%"
"31/01/2023","4.639","4.721","4.721","4.639","-1.74%"
"30/01/2023","4.721","4.761","4.761","4.721","-0.86%"
"27/01/2023","4.762","4.789","4.789","4.762","0.49%"
"26/01/2023","4.739","4.739","4.739","4.739","0.00%"
"25/01/2023","4.739","4.739","4.739","4.739","0.00%"
"24/01/2023","4.739","4.739","4.739","4.739","0.00%"
"23/01/2023","4.739","4.739","4.739","4.739","0.00%"
"20/01/2023","4.739","4.739","4.739","4.739","-1.06%"
"19/01/2023","4.790","4.790","4.790","4.790","-0.19%"
"18/01/2023","4.799","4.799","4.799","4.799","-0.39%"
"17/01/2023","4.818","4.818","4.818","4.818","0.00%"
"16/01/2023","4.818","4.818","4.818","4.818","-0.08%"
"13/01/2023","4.822","4.822","4.822","4.822","-0.37%"
"12/01/2023","4.840","4.840","4.840","4.840","-1.43%"
"11/01/2023","4.910","4.910","4.910","4.910","-0.18%"
"10/01/2023","4.919","4.919","4.919","4.919","-0.45%"
"09/01/2023","4.941","4.941","4.941","4.941","-0.82%"
"06/01/2023","4.982","4.982","4.982","4.982","-0.36%"
"05/01/2023","5.000","5.000","5.000","5.000","-0.64%"
"04/01/2023","5.032","5.032","5.032","5.032","0.08%"
"03/01/2023","5.028","5.041","5.041","5.028","0.82%"
"02/01/2023","4.987","4.987","4.987","4.987","-0.99%"
"30/12/2022","5.037","5.037","5.037","5.037","-0.10%"
"29/12/2022","5.042","5.042","5.042","5.042","-0.71%"
"28/12/2022","5.078","5.078","5.078","5.078","-0.18%"
"27/12/2022","5.087","5.087","5.087","5.087","0.00%"
"26/12/2022","5.087","5.087","5.087","5.087","-0.10%"
"23/12/2022","5.092","5.092","5.092","5.092","0.00%"
"22/12/2022","5.092","5.092","5.092","5.092","-0.49%"
"21/12/2022","5.117","5.117","5.117","5.117","0.00%"
"20/12/2022","5.117","5.117","5.117","5.117","-0.10%"
"19/12/2022","5.122","5.122","5.122","5.122","-0.14%"
"16/12/2022","5.129","5.129","5.129","5.129","0.00%"
"15/12/2022","5.129","5.129","5.129","5.129","-0.18%"
"14/12/2022","5.138","5.138","5.138","5.138","0.00%"
"13/12/2022","5.138","5.138","5.138","5.138","-0.10%"
"12/12/2022","5.143","5.143","5.143","5.143","0.00%"
"09/12/2022","5.143","5.143","5.143","5.143","-0.17%"
"08/12/2022","5.152","5.152","5.152","5.152","-0.35%"
"07/12/2022","5.170","5.170","5.170","5.170","0.00%"
"06/12/2022","5.170","5.170","5.170","5.170","0.14%"
"05/12/2022","5.163","5.163","5.163","5.163","-0.10%"
"02/12/2022","5.168","5.168","5.168","5.168","0.00%"
"01/12/2022","5.168","5.168","5.168","5.168","0.08%"
"30/11/2022","5.164","5.164","5.164","5.164","0.17%"
"29/11/2022","5.155","5.155","5.155","5.155","-0.08%"
"28/11/2022","5.159","5.159","5.159","5.159","0.00%"
"25/11/2022","5.159","5.159","5.159","5.159","0.00%"
"24/11/2022","5.159","5.159","5.159","5.159","0.25%"
"23/11/2022","5.146","5.146","5.146","5.146","0.00%"
"22/11/2022","5.146","5.146","5.146","5.146","0.08%"
"21/11/2022","5.142","5.142","5.142","5.142","0.00%"
"18/11/2022","5.142","5.142","5.142","5.142","0.25%"
"17/11/2022","5.129","5.129","5.129","5.129","-0.35%"
"16/11/2022","5.147","5.147","5.147","5.147","-0.08%"
"15/11/2022","5.151","5.151","5.151","5.151","0.19%"
"14/11/2022","5.141","5.141","5.141","5.141","-0.52%"
"11/11/2022","5.168","5.168","5.168","5.168","0.08%"
"10/11/2022","5.164","5.164","5.164","5.164","-0.06%"
"09/11/2022","5.167","5.167","5.167","5.167","-0.19%"
"08/11/2022","5.177","5.177","5.177","5.177","-0.50%"
"07/11/2022","5.203","5.203","5.203","5.203","-0.12%"
"04/11/2022","5.209","5.209","5.209","5.209","0.00%"
"03/11/2022","5.209","5.209","5.209","5.209","0.37%"
"02/11/2022","5.190","5.190","5.190","5.190","-0.08%"
"01/11/2022","5.194","5.194","5.194","5.194","0.00%"
"31/10/2022","5.194","5.194","5.194","5.194","0.10%"
"28/10/2022","5.189","5.189","5.189","5.189","-0.29%"
"27/10/2022","5.204","5.204","5.204","5.204","0.62%"
"26/10/2022","5.172","5.172","5.172","5.172","0.25%"
"25/10/2022","5.159","5.159","5.159","5.159","1.26%"
"24/10/2022","5.095","5.095","5.095","5.095","0.33%"
"21/10/2022","5.078","5.078","5.078","5.078","0.55%"
"20/10/2022","5.050","5.050","5.050","5.050","-0.02%"
"19/10/2022","5.051","5.051","5.051","5.051","-0.10%"
"18/10/2022","5.056","5.056","5.056","5.056","-1.48%"
"17/10/2022","5.132","5.132","5.132","5.132","-0.75%"
"14/10/2022","5.171","5.171","5.171","5.171","0.00%"
"13/10/2022","5.171","5.171","5.171","5.171","-0.17%"
"12/10/2022","5.180","5.180","5.180","5.180","0.50%"
"11/10/2022","5.154","5.154","5.154","5.154","0.45%"
"10/10/2022","5.131","5.131","5.131","5.131","-0.21%"
"07/10/2022","5.142","5.142","5.142","5.142","0.37%"
"06/10/2022","5.123","5.123","5.123","5.123","-0.10%"
"05/10/2022","5.128","5.128","5.128","5.128","0.25%"
"04/10/2022","5.115","5.115","5.115","5.115","1.75%"
"03/10/2022","5.027","4.975","5.027","4.975","0.22%"
"30/09/2022","5.016","4.975","5.016","4.975","0.82%"
"29/09/2022","4.975","4.975","4.975","4.975","-1.00%"
"28/09/2022","5.025","5.025","5.025","5.025","3.10%"
"27/09/2022","4.874","4.874","4.874","4.874","4.44%"
"26/09/2022","4.667","4.667","4.667","4.667","0.47%"
"23/09/2022","4.645","4.645","4.645","4.645","2.52%"
"22/09/2022","4.531","4.531","4.531","4.531","5.25%"
"21/09/2022","4.305","4.305","4.305","4.305","9.18%"
"20/09/2022","3.943","3.943","3.943","3.943","1.21%"
"19/09/2022","3.896","3.896","3.896","3.896","-0.10%"
"16/09/2022","3.900","3.900","3.900","3.900","0.98%"
"15/09/2022","3.862","3.862","3.862","3.862","0.26%"
"14/09/2022","3.852","3.852","3.852","3.852","1.29%"
"13/09/2022","3.803","3.803","3.803","3.803","0.08%"
"12/09/2022","3.800","3.800","3.800","3.800","-0.45%"
"09/09/2022","3.817","3.800","3.800","3.800","-0.42%"
"08/09/2022","3.833","3.833","3.833","3.833","0.37%"
"07/09/2022","3.819","3.819","3.819","3.819","1.33%"
"06/09/2022","3.769","3.769","3.769","3.769","1.43%"
"05/09/2022","3.716","3.697","3.716","3.697","2.34%"
"02/09/2022","3.631","3.631","3.631","3.631","0.00%"
"01/09/2022","3.631","3.631","3.631","3.631","-1.36%"
"31/08/2022","3.681","3.673","3.681","3.672","0.22%"
"30/08/2022","3.673","3.673","3.673","3.673","0.14%"
"29/08/2022","3.668","3.668","3.668","3.668","0.74%"
"26/08/2022","3.641","3.641","3.641","3.641","-0.11%"
"25/08/2022","3.645","3.645","3.645","3.645","-0.05%"
"24/08/2022","3.647","3.645","3.645","3.645","0.14%"
"23/08/2022","3.642","3.642","3.642","3.642","0.91%"
"22/08/2022","3.609","3.609","3.609","3.609","0.17%"
"19/08/2022","3.603","3.603","3.603","3.603","0.19%"
"18/08/2022","3.596","3.596","3.596","3.596","-0.61%"
"17/08/2022","3.618","3.618","3.618","3.618","0.53%"
"16/08/2022","3.599","3.599","3.599","3.599","-0.61%"
"15/08/2022","3.621","3.621","3.621","3.621","0.08%"
"12/08/2022","3.618","3.618","3.618","3.618","0.75%"
"11/08/2022","3.591","3.591","3.591","3.591","-3.42%"
"10/08/2022","3.718","3.718","3.718","3.718","0.22%"
"09/08/2022","3.710","3.710","3.710","3.710","0.27%"
"08/08/2022","3.700","3.700","3.700","3.700","-0.32%"
"05/08/2022","3.712","3.712","3.712","3.712","0.71%"
"04/08/2022","3.686","3.686","3.686","3.686","2.39%"
"03/08/2022","3.600","3.600","3.600","3.600","0.14%"
"02/08/2022","3.595","3.595","3.595","3.595","-2.47%"
"01/08/2022","3.686","3.686","3.686","3.686","1.49%"
"29/07/2022","3.632","3.632","3.632","3.632","-2.02%"
"28/07/2022","3.707","3.707","3.707","3.707","-4.04%"
"27/07/2022","3.863","3.863","3.863","3.863","10.78%"
"26/07/2022","3.487","3.487","3.487","3.487","1.63%"
"25/07/2022","3.431","3.431","3.431","3.431","0.12%"
"22/07/2022","3.427","3.427","3.427","3.427","-0.03%"
"21/07/2022","3.428","3.428","3.428","3.428","0.41%"
"20/07/2022","3.414","3.414","3.414","3.414","-0.23%"
"19/07/2022","3.422","3.422","3.422","3.422","-0.09%"
"18/07/2022","3.425","3.425","3.425","3.425","0.74%"
"15/07/2022","3.400","3.400","3.400","3.400","0.29%"
"14/07/2022","3.390","3.390","3.390","3.390","0.89%"
"13/07/2022","3.360","3.360","3.360","3.360","-0.12%"
"12/07/2022","3.364","3.364","3.364","3.364","0.09%"
"11/07/2022","3.361","3.361","3.361","3.361","-0.50%"
"08/07/2022","3.378","3.378","3.378","3.378","0.51%"
"07/07/2022","3.361","3.361","3.361","3.361","0.03%"
"06/07/2022","3.360","3.360","3.360","3.360","-0.24%"
"05/07/2022","3.368","3.368","3.368","3.368","-0.21%"
"04/07/2022","3.375","3.375","3.375","3.375","0.30%"
"01/07/2022","3.365","3.365","3.365","3.365","-0.09%"
"30/06/2022","3.368","3.368","3.368","3.368","-0.15%"
"29/06/2022","3.373","3.373","3.373","3.373","-0.65%"
"28/06/2022","3.395","3.395","3.395","3.395","-0.18%"
"27/06/2022","3.401","3.401","3.401","3.401","-0.79%"
"24/06/2022","3.428","3.418","3.428","3.418","0.29%"
"23/06/2022","3.418","3.418","3.418","3.418","-0.09%"
"22/06/2022","3.421","3.421","3.421","3.421","-0.15%"
"21/06/2022","3.426","3.426","3.426","3.426","-0.38%"
"20/06/2022","3.439","3.439","3.439","3.439","0.20%"
"17/06/2022","3.432","3.432","3.432","3.432","-0.38%"
"16/06/2022","3.445","3.445","3.445","3.445","-0.17%"
"15/06/2022","3.451","3.451","3.451","3.451","1.74%"
"14/06/2022","3.392","3.392","3.392","3.392","2.26%"
"13/06/2022","3.317","3.317","3.317","3.317","1.34%"
"10/06/2022","3.273","3.273","3.273","3.273","-0.30%"
"09/06/2022","3.283","3.283","3.283","3.283","0.49%"
"08/06/2022","3.267","3.267","3.267","3.267","-0.03%"
"07/06/2022","3.268","3.268","3.268","3.268","0.15%"
"06/06/2022","3.263","3.263","3.263","3.263","-0.12%"
"03/06/2022","3.267","3.267","3.267","3.267","0.12%"
"02/06/2022","3.263","3.263","3.263","3.263","0.03%"
"01/06/2022","3.262","3.262","3.262","3.262","0.40%"
"31/05/2022","3.249","3.249","3.249","3.249","-0.06%"
"30/05/2022","3.251","3.251","3.251","3.251","0.12%"
"27/05/2022","3.247","3.247","3.247","3.247","-0.06%"
"26/05/2022","3.249","3.249","3.249","3.249","0.59%"
"25/05/2022","3.230","3.230","3.230","3.230","-0.40%"
"24/05/2022","3.243","3.243","3.243","3.243","-0.73%"
"23/05/2022","3.267","3.267","3.267","3.267","0.55%"
"20/05/2022","3.249","3.249","3.249","3.249","-0.91%"
"19/05/2022","3.279","3.279","3.279","3.279","-1.59%"
"18/05/2022","3.332","3.332","3.332","3.332","-0.30%"
"17/05/2022","3.342","3.342","3.342","3.342","-0.03%"
"16/05/2022","3.343","3.343","3.343","3.343","-2.11%"
"13/05/2022","3.415","3.415","3.415","3.415","0.80%"
"12/05/2022","3.388","3.388","3.388","3.388","2.60%"
"11/05/2022","3.302","3.302","3.302","3.302","2.07%"
"10/05/2022","3.235","3.235","3.235","3.235","-0.12%"
"09/05/2022","3.239","3.239","3.239","3.239","1.50%"
"06/05/2022","3.191","3.191","3.191","3.191","1.01%"
"05/05/2022","3.159","3.159","3.159","3.159","0.70%"
"04/05/2022","3.137","3.113","3.137","3.113","2.75%"
"03/05/2022","3.053","3.053","3.053","3.053","0.00%"
"02/05/2022","3.053","3.053","3.053","3.053","-1.61%"
"29/04/2022","3.103","3.103","3.103","3.103","-0.77%"
"28/04/2022","3.127","3.127","3.127","3.127","-0.03%"
"27/04/2022","3.128","3.128","3.128","3.128","0.16%"
"26/04/2022","3.123","3.123","3.123","3.123","-1.26%"
"25/04/2022","3.163","3.163","3.163","3.163","-0.63%"
"22/04/2022","3.183","3.183","3.183","3.183","0.06%"
"21/04/2022","3.181","3.181","3.181","3.181","-0.34%"
"20/04/2022","3.192","3.192","3.192","3.192","0.79%"
"19/04/2022","3.167","3.167","3.167","3.167","-0.13%"
"18/04/2022","3.171","3.171","3.171","3.171","0.19%"
"15/04/2022","3.165","3.165","3.165","3.165","1.70%"
"14/04/2022","3.112","3.112","3.112","3.112","-0.70%"
"13/04/2022","3.134","3.134","3.134","3.134","-0.48%"
"12/04/2022","3.149","3.149","3.149","3.149","11.55%"
"11/04/2022","2.823","2.823","2.823","2.823","-1.74%"
"08/04/2022","2.873","2.873","2.873","2.873","2.53%"
"07/04/2022","2.802","2.802","2.802","2.802","-1.37%"
"06/04/2022","2.841","2.841","2.841","2.841","11.94%"
"05/04/2022","2.538","2.538","2.538","2.538","1.24%"
"04/04/2022","2.507","2.507","2.507","2.507","0.24%"
"01/04/2022","2.501","2.501","2.501","2.501","0.89%"
"31/03/2022","2.479","2.479","2.479","2.479","-0.76%"
"30/03/2022","2.498","2.498","2.498","2.498","-0.16%"
"29/03/2022","2.502","2.502","2.502","2.502","-0.67%"
"28/03/2022","2.519","2.519","2.519","2.519","1.04%"
"25/03/2022","2.493","2.493","2.493","2.493","-0.72%"
"24/03/2022","2.511","2.511","2.511","2.511","-0.55%"
"23/03/2022","2.525","2.525","2.525","2.525","-0.51%"
"22/03/2022","2.538","2.538","2.538","2.538","1.28%"
"21/03/2022","2.506","2.506","2.506","2.506","3.04%"
"18/03/2022","2.432","2.432","2.432","2.432","0.16%"
"17/03/2022","2.428","2.428","2.428","2.428","0.50%"
"16/03/2022","2.416","2.416","2.416","2.416","0.92%"
"15/03/2022","2.394","2.394","2.394","2.394","0.93%"
"14/03/2022","2.372","2.372","2.372","2.372","0.25%"
"11/03/2022","2.366","2.366","2.366","2.366","0.55%"
"10/03/2022","2.353","2.353","2.353","2.353","-1.92%"
"09/03/2022","2.399","2.399","2.399","2.399","1.10%"
"08/03/2022","2.373","2.373","2.373","2.373","-0.50%"
"07/03/2022","2.385","2.385","2.385","2.385","1.71%"
"04/03/2022","2.345","2.345","2.345","2.345","-2.90%"
"03/03/2022","2.415","2.415","2.415","2.415","2.55%"
"02/03/2022","2.355","2.355","2.355","2.355","0.00%"
"01/03/2022","2.355","2.347","2.355","2.347","0.64%"
"28/02/2022","2.340","2.340","2.340","2.340","2.45%"
"25/02/2022","2.284","2.284","2.284","2.284","-0.22%"
"24/02/2022","2.289","2.289","2.289","2.289","-0.30%"
"23/02/2022","2.296","2.296","2.296","2.296","0.48%"
"22/02/2022","2.285","2.285","2.285","2.285","-0.39%"
"21/02/2022","2.294","2.294","2.294","2.294","-0.56%"
"18/02/2022","2.307","2.307","2.307","2.307","-1.75%"
"17/02/2022","2.348","2.348","2.348","2.348","3.85%"
"16/02/2022","2.261","2.261","2.261","2.261","1.76%"
"15/02/2022","2.222","2.222","2.222","2.222","1.41%"
"14/02/2022","2.191","2.191","2.191","2.191","-0.05%"
"11/02/2022","2.192","2.192","2.192","2.192","0.55%"
"10/02/2022","2.180","2.180","2.180","2.180","-0.46%"
"09/02/2022","2.190","2.190","2.190","2.190","2.05%"
"08/02/2022","2.146","2.146","2.146","2.146","-0.51%"
"07/02/2022","2.157","2.153","2.157","2.153","2.08%"
"04/02/2022","2.113","2.113","2.113","2.113","0.00%"
"03/02/2022","2.113","2.113","2.113","2.113","0.00%"
"02/02/2022","2.113","2.113","2.113","2.113","0.00%"
"01/02/2022","2.113","2.113","2.113","2.113","0.00%"
"31/01/2022","2.113","2.113","2.113","2.113","-2.31%"
"28/01/2022","2.163","2.153","2.163","2.153","0.19%"
"27/01/2022","2.159","2.159","2.159","2.159","1.08%"
"26/01/2022","2.136","2.136","2.136","2.136","-0.88%"
"25/01/2022","2.155","2.155","2.155","2.155","0.75%"
"24/01/2022","2.139","2.139","2.139","2.139","0.09%"
"21/01/2022","2.137","2.137","2.137","2.137","-0.33%"
"20/01/2022","2.144","2.144","2.144","2.144","0.42%"
"19/01/2022","2.135","2.135","2.135","2.135","0.47%"
"18/01/2022","2.125","2.125","2.125","2.125","-0.75%"
"17/01/2022","2.141","2.141","2.141","2.141","0.05%"
"14/01/2022","2.140","2.130","2.140","2.130","-0.51%"
"13/01/2022","2.151","2.151","2.151","2.151","0.42%"
"12/01/2022","2.142","2.142","2.142","2.142","-1.06%"
"11/01/2022","2.165","2.165","2.165","2.165","0.89%"
"10/01/2022","2.146","2.146","2.146","2.146","-1.38%"
"07/01/2022","2.176","2.176","2.176","2.176","1.21%"
"06/01/2022","2.150","2.150","2.150","2.150","0.09%"
"05/01/2022","2.148","2.148","2.148","2.148","-1.42%"
"04/01/2022","2.179","2.194","2.194","2.179","6.29%"
"03/01/2022","2.050","2.050","2.050","2.050","-2.38%"
"31/12/2021","2.100","2.100","2.100","2.100","-1.08%"
"30/12/2021","2.123","2.123","2.123","2.123","-0.33%"
"29/12/2021","2.130","2.130","2.130","2.130","0.00%"
"28/12/2021","2.130","2.130","2.130","2.130","1.77%"
"27/12/2021","2.093","2.093","2.093","2.093","0.19%"
"24/12/2021","2.089","2.089","2.089","2.089","-0.43%"
"23/12/2021","2.098","2.098","2.098","2.098","-0.66%"
"22/12/2021","2.112","2.112","2.112","2.112","1.59%"
"21/12/2021","2.079","2.079","2.079","2.079","0.43%"
"20/12/2021","2.070","2.070","2.070","2.070","-1.05%"
"17/12/2021","2.092","2.092","2.092","2.092","0.67%"
"16/12/2021","2.078","2.078","2.078","2.078","1.96%"
"15/12/2021","2.038","2.038","2.038","2.038","-0.97%"
"14/12/2021","2.058","2.058","2.058","2.058","0.05%"
"13/12/2021","2.057","2.057","2.057","2.057","-0.92%"
"10/12/2021","2.076","2.076","2.076","2.076","-0.05%"
"09/12/2021","2.077","2.077","2.077","2.077","-0.53%"
"08/12/2021","2.088","2.088","2.088","2.088","0.77%"
"07/12/2021","2.072","2.072","2.072","2.072","-0.86%"
"06/12/2021","2.090","2.091","2.091","2.090","-0.14%"
"03/12/2021","2.093","2.093","2.093","2.093","0.82%"
"02/12/2021","2.076","2.076","2.076","2.076","-0.95%"
"01/12/2021","2.096","2.096","2.096","2.096","0.67%"
"30/11/2021","2.082","2.082","2.082","2.082","0.82%"
"29/11/2021","2.065","2.065","2.065","2.065","-0.15%"
"26/11/2021","2.068","2.144","2.144","2.068","-0.39%"
"25/11/2021","2.076","2.076","2.076","2.076","-0.29%"
"24/11/2021","2.082","2.082","2.082","2.082","1.26%"
"23/11/2021","2.056","2.056","2.056","2.056","-0.29%"
"22/11/2021","2.062","2.062","2.062","2.062","0.63%"
"19/11/2021","2.049","2.049","2.049","2.049","-0.77%"
"18/11/2021","2.065","2.057","2.065","2.057","0.39%"
"17/11/2021","2.057","2.057","2.057","2.057","0.05%"
"16/11/2021","2.056","2.056","2.056","2.056","-0.92%"
"15/11/2021","2.075","2.075","2.075","2.075","-0.81%"
"12/11/2021","2.092","2.092","2.092","2.092","-0.19%"
"11/11/2021","2.096","2.096","2.096","2.096","-0.52%"
"10/11/2021","2.107","2.107","2.107","2.107","0.00%"
"09/11/2021","2.107","2.107","2.107","2.107","0.38%"
"08/11/2021","2.099","2.099","2.099","2.099","-1.64%"
"05/11/2021","2.134","2.134","2.134","2.134","-0.09%"
"04/11/2021","2.136","2.136","2.136","2.136","-1.02%"
"03/11/2021","2.158","2.158","2.158","2.158","0.23%"
"02/11/2021","2.153","2.153","2.153","2.153","-0.28%"
"01/11/2021","2.159","2.159","2.159","2.159","2.03%"
"29/10/2021","2.116","2.116","2.116","2.116","0.09%"
"28/10/2021","2.114","2.114","2.114","2.114","-0.66%"
"27/10/2021","2.128","2.128","2.128","2.128","0.66%"
"26/10/2021","2.114","2.114","2.114","2.114","0.28%"
"25/10/2021","2.108","2.108","2.108","2.108","-0.28%"
"22/10/2021","2.114","2.114","2.114","2.114","-0.80%"
"21/10/2021","2.131","2.131","2.131","2.131","-0.42%"
"20/10/2021","2.140","2.140","2.140","2.140","0.47%"
"19/10/2021","2.130","2.130","2.130","2.130","0.24%"
"18/10/2021","2.125","2.125","2.125","2.125","0.09%"
"15/10/2021","2.123","2.123","2.123","2.123","-0.28%"
"14/10/2021","2.129","2.129","2.129","2.129","-0.23%"
"13/10/2021","2.134","2.134","2.134","2.134","0.00%"
"12/10/2021","2.134","2.134","2.134","2.134","-0.05%"
"11/10/2021","2.135","2.135","2.135","2.135","0.14%"
"08/10/2021","2.132","2.132","2.132","2.132","0.57%"
"07/10/2021","2.120","2.120","2.120","2.120","0.47%"
"06/10/2021","2.110","2.110","2.110","2.110","-0.19%"
"05/10/2021","2.114","2.114","2.114","2.114","-0.52%"
"04/10/2021","2.125","2.125","2.125","2.125","2.61%"
"03/10/2021","2.071","2.071","2.071","2.071","-2.36%"
"01/10/2021","2.121","2.121","2.121","2.121","-0.52%"
"30/09/2021","2.132","2.132","2.132","2.132","-0.61%"
"29/09/2021","2.145","2.145","2.145","2.145","1.66%"
"28/09/2021","2.110","2.110","2.110","2.110","-1.54%"
"27/09/2021","2.143","2.143","2.143","2.143","1.18%"
"24/09/2021","2.118","2.118","2.118","2.118","-0.05%"
"23/09/2021","2.119","2.119","2.119","2.119","0.24%"
"22/09/2021","2.114","2.114","2.114","2.114","1.25%"
"21/09/2021","2.088","2.088","2.088","2.088","0.05%"
"20/09/2021","2.087","2.087","2.087","2.087","0.77%"
"17/09/2021","2.071","2.071","2.071","2.071","0.83%"
"16/09/2021","2.054","2.063","2.063","2.043","0.54%"
"15/09/2021","2.043","2.063","2.063","2.043","-2.39%"
"14/09/2021","2.093","2.051","2.093","2.050","2.05%"
"13/09/2021","2.051","2.051","2.051","2.051","-1.25%"
"10/09/2021","2.077","2.077","2.077","2.077","0.87%"
"09/09/2021","2.059","2.059","2.059","2.059","0.00%"
"08/09/2021","2.059","2.059","2.059","2.059","-1.10%"
"07/09/2021","2.082","2.102","2.102","2.082","-1.37%"
"06/09/2021","2.111","2.091","2.111","2.091","4.50%"
"03/09/2021","2.020","2.020","2.020","2.020","0.00%"
"02/09/2021","2.020","2.020","2.020","2.020","-2.42%"
"01/09/2021","2.070","2.070","2.070","2.070","-1.19%"
"31/08/2021","2.095","2.095","2.095","2.095","0.82%"
"30/08/2021","2.078","2.078","2.078","2.078","-1.09%"
"27/08/2021","2.101","2.101","2.101","2.101","0.82%"
"26/08/2021","2.084","2.084","2.084","2.084","0.43%"
"25/08/2021","2.075","2.075","2.075","2.075","-0.29%"
"24/08/2021","2.081","2.081","2.081","2.081","-0.53%"
"23/08/2021","2.092","2.072","2.092","2.072","1.11%"
"20/08/2021","2.069","2.089","2.089","2.069","-2.08%"
"19/08/2021","2.113","2.113","2.113","2.113","-0.09%"
"18/08/2021","2.115","2.115","2.115","2.115","1.24%"
"17/08/2021","2.089","2.116","2.116","2.085","0.14%"
"16/08/2021","2.086","2.116","2.116","2.086","-3.43%"
"13/08/2021","2.160","2.130","2.160","2.130","2.56%"
"12/08/2021","2.106","2.106","2.106","2.106","-1.73%"
"11/08/2021","2.143","2.143","2.143","2.143","0.75%"
"10/08/2021","2.127","2.127","2.127","2.127","-0.70%"
"09/08/2021","2.142","2.142","2.142","2.142","1.13%"
"06/08/2021","2.118","2.108","2.118","2.108","-1.44%"
"05/08/2021","2.149","2.159","2.159","2.149","-1.06%"
"04/08/2021","2.172","2.172","2.172","2.172","3.18%"
"03/08/2021","2.105","2.105","2.105","2.105","-4.84%"
"02/08/2021","2.212","2.232","2.232","2.212","2.74%"
"30/07/2021","2.153","2.133","2.153","2.133","1.60%"
"29/07/2021","2.119","2.139","2.139","2.119","-1.53%"
"28/07/2021","2.152","2.132","2.152","2.132","1.70%"
"27/07/2021","2.116","2.116","2.116","2.116","0.09%"
"26/07/2021","2.114","2.114","2.114","2.114","-0.61%"
"23/07/2021","2.127","2.127","2.127","2.127","0.38%"
"22/07/2021","2.119","2.119","2.119","2.119","-0.19%"
"21/07/2021","2.123","2.123","2.123","2.123","-0.42%"
"20/07/2021","2.132","2.132","2.132","2.132","-0.05%"
"19/07/2021","2.133","2.133","2.133","2.133","0.42%"
"16/07/2021","2.124","2.124","2.127","2.124","1.00%"
"15/07/2021","2.103","2.103","2.104","2.103","0.10%"
"14/07/2021","2.101","2.101","2.102","2.101","-2.01%"
"13/07/2021","2.144","2.144","2.145","2.144","-0.33%"
"12/07/2021","2.151","2.151","2.152","2.151","1.13%"
"09/07/2021","2.127","2.127","2.127","2.127","-0.05%"
"08/07/2021","2.128","2.128","2.128","2.128","-1.21%"
"07/07/2021","2.154","2.154","2.154","2.154","1.22%"
"06/07/2021","2.128","2.128","2.128","2.128","-0.28%"
"05/07/2021","2.134","2.134","2.134","2.134","-0.70%"
"02/07/2021","2.149","2.149","2.149","2.149","-0.56%"
"01/07/2021","2.161","2.161","2.161","2.161","-0.60%"
"30/06/2021","2.174","2.174","2.174","2.174","-0.23%"
"29/06/2021","2.179","2.179","2.179","2.179","-1.49%"
"28/06/2021","2.212","2.242","2.242","2.212","-0.54%"
"25/06/2021","2.224","2.194","2.224","2.194","2.35%"
"24/06/2021","2.173","2.173","2.173","2.173","-0.28%"
"23/06/2021","2.179","2.179","2.179","2.179","0.97%"
"22/06/2021","2.158","2.158","2.158","2.158","-0.83%"
"21/06/2021","2.176","2.156","2.176","2.156","2.30%"
"18/06/2021","2.127","2.147","2.147","2.127","-1.85%"
"17/06/2021","2.167","2.167","2.167","2.167","-0.05%"
"16/06/2021","2.168","2.188","2.188","2.168","-1.90%"
"15/06/2021","2.210","2.190","2.210","2.190","1.89%"
"14/06/2021","2.169","2.180","2.180","2.169","-0.55%"
"11/06/2021","2.181","2.215","2.215","2.181","-1.53%"
"10/06/2021","2.215","2.215","2.215","2.215","0.45%"
"09/06/2021","2.205","2.205","2.205","2.205","-0.72%"
"08/06/2021","2.221","2.221","2.221","2.221","-0.94%"
"07/06/2021","2.242","2.242","2.242","2.242","0.13%"
"04/06/2021","2.239","2.239","2.239","2.239","-0.62%"
"03/06/2021","2.253","2.253","2.253","2.253","1.85%"
"02/06/2021","2.212","2.212","2.212","2.212","-1.82%"
"01/06/2021","2.253","2.253","2.253","2.253","-0.88%"
"31/05/2021","2.273","2.297","2.297","2.273","-1.09%"
"28/05/2021","2.298","2.298","2.298","2.298","-0.26%"
"27/05/2021","2.304","2.304","2.304","2.304","-0.56%"
"26/05/2021","2.317","2.317","2.317","2.317","0.04%"
"25/05/2021","2.316","2.316","2.316","2.316","-0.34%"
"24/05/2021","2.324","2.324","2.324","2.324","-0.94%"
"21/05/2021","2.346","2.346","2.346","2.346","0.04%"
"20/05/2021","2.345","2.345","2.345","2.345","-0.47%"
"19/05/2021","2.356","2.356","2.356","2.356","-0.42%"
"18/05/2021","2.366","2.366","2.366","2.366","-0.13%"
"17/05/2021","2.369","2.369","2.369","2.369","-0.42%"
"14/05/2021","2.379","2.379","2.379","2.379","-0.46%"
"13/05/2021","2.390","2.390","2.390","2.390","0.76%"
"12/05/2021","2.372","2.372","2.372","2.372","-0.71%"
"11/05/2021","2.389","2.389","2.389","2.389","-0.17%"
"10/05/2021","2.393","2.393","2.393","2.393","-0.29%"
"07/05/2021","2.400","2.400","2.400","2.400","0.08%"
"06/05/2021","2.398","2.398","2.398","2.398","1.01%"
"05/05/2021","2.374","2.374","2.374","2.374","-0.17%"
"04/05/2021","2.378","2.400","2.400","2.378","5.13%"
"03/05/2021","2.262","2.262","2.262","2.262","-0.04%"
"30/04/2021","2.263","2.263","2.263","2.263","-2.16%"
"29/04/2021","2.313","2.313","2.313","2.313","0.00%"
"28/04/2021","2.313","2.313","2.313","2.313","0.22%"
"27/04/2021","2.308","2.308","2.308","2.308","1.18%"
"26/04/2021","2.281","2.281","2.281","2.281","-0.61%"
"23/04/2021","2.295","2.255","2.295","2.255","2.32%"
"22/04/2021","2.243","2.273","2.273","2.243","-1.15%"
"21/04/2021","2.269","2.269","2.269","2.269","-2.16%"
"20/04/2021","2.319","2.328","2.328","2.319","-0.77%"
"19/04/2021","2.337","2.297","2.337","2.297","2.19%"
"16/04/2021","2.287","2.327","2.327","2.287","-3.62%"
"15/04/2021","2.373","2.373","2.373","2.373","-0.13%"
"14/04/2021","2.376","2.376","2.376","2.376","0.55%"
"13/04/2021","2.363","2.363","2.363","2.363","-0.96%"
"12/04/2021","2.386","2.386","2.386","2.386","0.55%"
"09/04/2021","2.373","2.373","2.373","2.373","0.34%"
"08/04/2021","2.365","2.365","2.365","2.365","0.08%"
"07/04/2021","2.363","2.363","2.363","2.363","-0.17%"
"06/04/2021","2.367","2.367","2.367","2.367","-0.75%"
"05/04/2021","2.385","2.366","2.385","2.366","0.97%"
"02/04/2021","2.362","2.362","2.362","2.362","0.47%"
"01/04/2021","2.351","2.351","2.351","2.351","-1.47%"
"31/03/2021","2.386","2.386","2.386","2.386","0.04%"
"30/03/2021","2.385","2.385","2.385","2.385","0.13%"
"29/03/2021","2.382","2.382","2.382","2.382","0.97%"
"26/03/2021","2.359","2.359","2.359","2.359","-1.50%"
"25/03/2021","2.395","2.395","2.395","2.395","2.09%"
"24/03/2021","2.346","2.346","2.346","2.346","-1.80%"
"23/03/2021","2.389","2.408","2.408","2.389","-0.79%"
"22/03/2021","2.408","2.408","2.408","2.408","-0.95%"
"19/03/2021","2.431","2.431","2.431","2.431","0.79%"
"18/03/2021","2.412","2.412","2.412","2.412","-0.33%"
"17/03/2021","2.420","2.420","2.420","2.420","1.85%"
"16/03/2021","2.376","2.376","2.376","2.376","0.59%"
"15/03/2021","2.362","2.362","2.362","2.362","0.13%"
"12/03/2021","2.359","2.389","2.389","2.359","-1.42%"
"11/03/2021","2.393","2.363","2.393","2.363","2.62%"
"10/03/2021","2.332","2.342","2.342","2.332","-2.35%"
"09/03/2021","2.388","2.378","2.388","2.378","0.97%"
"08/03/2021","2.365","2.365","2.365","2.365","0.94%"
"05/03/2021","2.343","2.383","2.383","2.343","-1.43%"
"04/03/2021","2.377","2.337","2.377","2.337","3.57%"
"03/03/2021","2.295","2.295","2.295","2.295","-0.39%"
"02/03/2021","2.304","2.304","2.304","2.304","-1.33%"
"01/03/2021","2.335","2.335","2.335","2.335","-0.85%"
"26/02/2021","2.355","2.375","2.375","2.355","1.95%"
"25/02/2021","2.310","2.290","2.310","2.290","1.76%"
"24/02/2021","2.270","2.270","2.270","2.270","-0.26%"
"23/02/2021","2.276","2.276","2.276","2.276","1.47%"
"22/02/2021","2.243","2.243","2.243","2.243","0.99%"
"19/02/2021","2.221","2.221","2.221","2.221","-1.46%"
"18/02/2021","2.254","2.239","2.254","2.208","2.04%"
"17/02/2021","2.209","2.239","2.239","2.209","-0.36%"
"16/02/2021","2.217","2.217","2.217","2.217","0.00%"
"15/02/2021","2.217","2.217","2.217","2.217","0.00%"
"12/02/2021","2.217","2.217","2.217","2.217","8.09%"
"11/02/2021","2.051","2.217","2.217","2.051","-7.49%"
"10/02/2021","2.217","2.217","2.217","2.217","-2.46%"
"09/02/2021","2.273","2.273","2.273","2.273","0.22%"
"08/02/2021","2.268","2.268","2.268","2.268","0.93%"
"05/02/2021","2.247","2.247","2.247","2.247","-0.18%"
"04/02/2021","2.251","2.295","2.295","2.251","-1.92%"
"03/02/2021","2.295","2.295","2.295","2.295","-0.30%"
"02/02/2021","2.302","2.302","2.302","2.302","1.01%"
"01/02/2021","2.279","2.279","2.279","2.279","-1.09%"
"29/01/2021","2.304","2.304","2.304","2.304","-0.48%"
"28/01/2021","2.315","2.230","2.315","2.230","3.81%"
"27/01/2021","2.230","2.230","2.230","2.230","-0.04%"
"26/01/2021","2.231","2.231","2.231","2.231","1.09%"
"25/01/2021","2.207","2.207","2.207","2.207","0.87%"
"22/01/2021","2.188","2.188","2.188","2.188","0.00%"
"21/01/2021","2.188","2.188","2.188","2.188","-1.08%"
"20/01/2021","2.212","2.142","2.212","2.142","7.38%"
"19/01/2021","2.060","2.130","2.130","2.060","-6.24%"
"18/01/2021","2.197","2.197","2.197","2.197","-0.45%"
"15/01/2021","2.207","2.207","2.207","2.207","-4.95%"
"14/01/2021","2.322","2.322","2.322","2.322","-0.39%"
"13/01/2021","2.331","2.331","2.331","2.331","-2.22%"
"12/01/2021","2.384","2.384","2.384","2.384","-0.75%"
"11/01/2021","2.402","2.412","2.412","2.402","-1.40%"
"08/01/2021","2.436","2.426","2.436","2.421","0.58%"
"07/01/2021","2.422","2.426","2.426","2.422","-0.21%"
"06/01/2021","2.427","2.415","2.427","2.415","0.50%"
"05/01/2021","2.415","2.431","2.431","2.415","-0.70%"
"04/01/2021","2.432","2.541","2.541","2.432","-0.78%"